solid uno-mounting-plate
  facet normal 0.00000000 0.00000000 -1.00000000
    outer loop
      vertex -40.29000000 -32.67000000 0.00000000
      vertex 40.29000000 32.67000000 0.00000000
      vertex 40.29000000 -32.67000000 0.00000000
    endloop
  endfacet
  facet normal 0.00000000 0.00000000 -1.00000000
    outer loop
      vertex -40.29000000 -32.67000000 0.00000000
      vertex -40.29000000 32.67000000 0.00000000
      vertex 40.29000000 32.67000000 0.00000000
    endloop
  endfacet
  facet normal 0.00000000 0.00000000 1.00000000
    outer loop
      vertex -40.29000000 -32.67000000 3.00000000
      vertex 40.29000000 -32.67000000 3.00000000
      vertex 40.29000000 32.67000000 3.00000000
    endloop
  endfacet
  facet normal 0.00000000 0.00000000 1.00000000
    outer loop
      vertex -40.29000000 -32.67000000 3.00000000
      vertex 40.29000000 32.67000000 3.00000000
      vertex -40.29000000 32.67000000 3.00000000
    endloop
  endfacet
  facet normal 0.00000000 -1.00000000 0.00000000
    outer loop
      vertex -40.29000000 -32.67000000 0.00000000
      vertex 40.29000000 -32.67000000 0.00000000
      vertex 40.29000000 -32.67000000 3.00000000
    endloop
  endfacet
  facet normal 0.00000000 -1.00000000 0.00000000
    outer loop
      vertex -40.29000000 -32.67000000 0.00000000
      vertex 40.29000000 -32.67000000 3.00000000
      vertex -40.29000000 -32.67000000 3.00000000
    endloop
  endfacet
  facet normal 1.00000000 0.00000000 0.00000000
    outer loop
      vertex 40.29000000 -32.67000000 0.00000000
      vertex 40.29000000 32.67000000 0.00000000
      vertex 40.29000000 32.67000000 3.00000000
    endloop
  endfacet
  facet normal 1.00000000 0.00000000 0.00000000
    outer loop
      vertex 40.29000000 -32.67000000 0.00000000
      vertex 40.29000000 32.67000000 3.00000000
      vertex 40.29000000 -32.67000000 3.00000000
    endloop
  endfacet
  facet normal 0.00000000 1.00000000 0.00000000
    outer loop
      vertex 40.29000000 32.67000000 0.00000000
      vertex -40.29000000 32.67000000 0.00000000
      vertex -40.29000000 32.67000000 3.00000000
    endloop
  endfacet
  facet normal 0.00000000 1.00000000 -0.00000000
    outer loop
      vertex 40.29000000 32.67000000 0.00000000
      vertex -40.29000000 32.67000000 3.00000000
      vertex 40.29000000 32.67000000 3.00000000
    endloop
  endfacet
  facet normal -1.00000000 0.00000000 0.00000000
    outer loop
      vertex -40.29000000 32.67000000 0.00000000
      vertex -40.29000000 -32.67000000 0.00000000
      vertex -40.29000000 -32.67000000 3.00000000
    endloop
  endfacet
  facet normal -1.00000000 0.00000000 0.00000000
    outer loop
      vertex -40.29000000 32.67000000 0.00000000
      vertex -40.29000000 -32.67000000 3.00000000
      vertex -40.29000000 32.67000000 3.00000000
    endloop
  endfacet
  facet normal 0.99518473 0.09801714 0.00000000
    outer loop
      vertex 35.25000000 8.89000000 3.00000000
      vertex 35.18274848 9.57281613 3.00000000
      vertex 35.18274848 9.57281613 8.00000000
    endloop
  endfacet
  facet normal 0.99518473 0.09801714 -0.00000000
    outer loop
      vertex 35.25000000 8.89000000 3.00000000
      vertex 35.18274848 9.57281613 8.00000000
      vertex 35.25000000 8.89000000 8.00000000
    endloop
  endfacet
  facet normal -0.99518473 -0.09801714 0.00000000
    outer loop
      vertex 33.35000000 8.89000000 3.00000000
      vertex 33.31925645 9.20214452 8.00000000
      vertex 33.31925645 9.20214452 3.00000000
    endloop
  endfacet
  facet normal -0.99518473 -0.09801714 0.00000000
    outer loop
      vertex 33.35000000 8.89000000 3.00000000
      vertex 33.35000000 8.89000000 8.00000000
      vertex 33.31925645 9.20214452 8.00000000
    endloop
  endfacet
  facet normal 0.00000000 0.00000000 1.00000000
    outer loop
      vertex 35.25000000 8.89000000 8.00000000
      vertex 35.18274848 9.57281613 8.00000000
      vertex 33.31925645 9.20214452 8.00000000
    endloop
  endfacet
  facet normal 0.00000000 0.00000000 1.00000000
    outer loop
      vertex 35.25000000 8.89000000 8.00000000
      vertex 33.31925645 9.20214452 8.00000000
      vertex 33.35000000 8.89000000 8.00000000
    endloop
  endfacet
  facet normal 0.00000000 0.00000000 -1.00000000
    outer loop
      vertex 35.25000000 8.89000000 3.00000000
      vertex 33.31925645 9.20214452 3.00000000
      vertex 35.18274848 9.57281613 3.00000000
    endloop
  endfacet
  facet normal 0.00000000 0.00000000 -1.00000000
    outer loop
      vertex 35.25000000 8.89000000 3.00000000
      vertex 33.35000000 8.89000000 3.00000000
      vertex 33.31925645 9.20214452 3.00000000
    endloop
  endfacet
  facet normal 0.95694034 0.29028468 0.00000000
    outer loop
      vertex 35.18274848 9.57281613 3.00000000
      vertex 34.98357836 10.22939201 3.00000000
      vertex 34.98357836 10.22939201 8.00000000
    endloop
  endfacet
  facet normal 0.95694034 0.29028468 -0.00000000
    outer loop
      vertex 35.18274848 9.57281613 3.00000000
      vertex 34.98357836 10.22939201 8.00000000
      vertex 35.18274848 9.57281613 8.00000000
    endloop
  endfacet
  facet normal -0.95694034 -0.29028468 0.00000000
    outer loop
      vertex 33.31925645 9.20214452 3.00000000
      vertex 33.22820725 9.50229349 8.00000000
      vertex 33.22820725 9.50229349 3.00000000
    endloop
  endfacet
  facet normal -0.95694034 -0.29028468 0.00000000
    outer loop
      vertex 33.31925645 9.20214452 3.00000000
      vertex 33.31925645 9.20214452 8.00000000
      vertex 33.22820725 9.50229349 8.00000000
    endloop
  endfacet
  facet normal 0.00000000 0.00000000 1.00000000
    outer loop
      vertex 35.18274848 9.57281613 8.00000000
      vertex 34.98357836 10.22939201 8.00000000
      vertex 33.22820725 9.50229349 8.00000000
    endloop
  endfacet
  facet normal 0.00000000 0.00000000 1.00000000
    outer loop
      vertex 35.18274848 9.57281613 8.00000000
      vertex 33.22820725 9.50229349 8.00000000
      vertex 33.31925645 9.20214452 8.00000000
    endloop
  endfacet
  facet normal -0.00000000 0.00000000 -1.00000000
    outer loop
      vertex 35.18274848 9.57281613 3.00000000
      vertex 33.22820725 9.50229349 3.00000000
      vertex 34.98357836 10.22939201 3.00000000
    endloop
  endfacet
  facet normal 0.00000000 0.00000000 -1.00000000
    outer loop
      vertex 35.18274848 9.57281613 3.00000000
      vertex 33.31925645 9.20214452 3.00000000
      vertex 33.22820725 9.50229349 3.00000000
    endloop
  endfacet
  facet normal 0.88192126 0.47139674 0.00000000
    outer loop
      vertex 34.98357836 10.22939201 3.00000000
      vertex 34.66014364 10.83449582 3.00000000
      vertex 34.66014364 10.83449582 8.00000000
    endloop
  endfacet
  facet normal 0.88192126 0.47139674 -0.00000000
    outer loop
      vertex 34.98357836 10.22939201 3.00000000
      vertex 34.66014364 10.83449582 8.00000000
      vertex 34.98357836 10.22939201 8.00000000
    endloop
  endfacet
  facet normal -0.88192126 -0.47139674 0.00000000
    outer loop
      vertex 33.22820725 9.50229349 3.00000000
      vertex 33.08035138 9.77891237 8.00000000
      vertex 33.08035138 9.77891237 3.00000000
    endloop
  endfacet
  facet normal -0.88192126 -0.47139674 0.00000000
    outer loop
      vertex 33.22820725 9.50229349 3.00000000
      vertex 33.22820725 9.50229349 8.00000000
      vertex 33.08035138 9.77891237 8.00000000
    endloop
  endfacet
  facet normal 0.00000000 0.00000000 1.00000000
    outer loop
      vertex 34.98357836 10.22939201 8.00000000
      vertex 34.66014364 10.83449582 8.00000000
      vertex 33.08035138 9.77891237 8.00000000
    endloop
  endfacet
  facet normal 0.00000000 0.00000000 1.00000000
    outer loop
      vertex 34.98357836 10.22939201 8.00000000
      vertex 33.08035138 9.77891237 8.00000000
      vertex 33.22820725 9.50229349 8.00000000
    endloop
  endfacet
  facet normal -0.00000000 0.00000000 -1.00000000
    outer loop
      vertex 34.98357836 10.22939201 3.00000000
      vertex 33.08035138 9.77891237 3.00000000
      vertex 34.66014364 10.83449582 3.00000000
    endloop
  endfacet
  facet normal 0.00000000 0.00000000 -1.00000000
    outer loop
      vertex 34.98357836 10.22939201 3.00000000
      vertex 33.22820725 9.50229349 3.00000000
      vertex 33.08035138 9.77891237 3.00000000
    endloop
  endfacet
  facet normal 0.77301045 0.63439328 0.00000000
    outer loop
      vertex 34.66014364 10.83449582 3.00000000
      vertex 34.22487373 11.36487373 3.00000000
      vertex 34.22487373 11.36487373 8.00000000
    endloop
  endfacet
  facet normal 0.77301045 0.63439328 -0.00000000
    outer loop
      vertex 34.66014364 10.83449582 3.00000000
      vertex 34.22487373 11.36487373 8.00000000
      vertex 34.66014364 10.83449582 8.00000000
    endloop
  endfacet
  facet normal -0.77301045 -0.63439328 0.00000000
    outer loop
      vertex 33.08035138 9.77891237 3.00000000
      vertex 32.88137085 10.02137085 8.00000000
      vertex 32.88137085 10.02137085 3.00000000
    endloop
  endfacet
  facet normal -0.77301045 -0.63439328 0.00000000
    outer loop
      vertex 33.08035138 9.77891237 3.00000000
      vertex 33.08035138 9.77891237 8.00000000
      vertex 32.88137085 10.02137085 8.00000000
    endloop
  endfacet
  facet normal 0.00000000 0.00000000 1.00000000
    outer loop
      vertex 34.66014364 10.83449582 8.00000000
      vertex 34.22487373 11.36487373 8.00000000
      vertex 32.88137085 10.02137085 8.00000000
    endloop
  endfacet
  facet normal 0.00000000 0.00000000 1.00000000
    outer loop
      vertex 34.66014364 10.83449582 8.00000000
      vertex 32.88137085 10.02137085 8.00000000
      vertex 33.08035138 9.77891237 8.00000000
    endloop
  endfacet
  facet normal -0.00000000 0.00000000 -1.00000000
    outer loop
      vertex 34.66014364 10.83449582 3.00000000
      vertex 32.88137085 10.02137085 3.00000000
      vertex 34.22487373 11.36487373 3.00000000
    endloop
  endfacet
  facet normal 0.00000000 0.00000000 -1.00000000
    outer loop
      vertex 34.66014364 10.83449582 3.00000000
      vertex 33.08035138 9.77891237 3.00000000
      vertex 32.88137085 10.02137085 3.00000000
    endloop
  endfacet
  facet normal 0.63439328 0.77301045 0.00000000
    outer loop
      vertex 34.22487373 11.36487373 3.00000000
      vertex 33.69449582 11.80014364 3.00000000
      vertex 33.69449582 11.80014364 8.00000000
    endloop
  endfacet
  facet normal 0.63439328 0.77301045 -0.00000000
    outer loop
      vertex 34.22487373 11.36487373 3.00000000
      vertex 33.69449582 11.80014364 8.00000000
      vertex 34.22487373 11.36487373 8.00000000
    endloop
  endfacet
  facet normal -0.63439328 -0.77301045 0.00000000
    outer loop
      vertex 32.88137085 10.02137085 3.00000000
      vertex 32.63891237 10.22035138 8.00000000
      vertex 32.63891237 10.22035138 3.00000000
    endloop
  endfacet
  facet normal -0.63439328 -0.77301045 0.00000000
    outer loop
      vertex 32.88137085 10.02137085 3.00000000
      vertex 32.88137085 10.02137085 8.00000000
      vertex 32.63891237 10.22035138 8.00000000
    endloop
  endfacet
  facet normal 0.00000000 0.00000000 1.00000000
    outer loop
      vertex 34.22487373 11.36487373 8.00000000
      vertex 33.69449582 11.80014364 8.00000000
      vertex 32.63891237 10.22035138 8.00000000
    endloop
  endfacet
  facet normal 0.00000000 0.00000000 1.00000000
    outer loop
      vertex 34.22487373 11.36487373 8.00000000
      vertex 32.63891237 10.22035138 8.00000000
      vertex 32.88137085 10.02137085 8.00000000
    endloop
  endfacet
  facet normal -0.00000000 0.00000000 -1.00000000
    outer loop
      vertex 34.22487373 11.36487373 3.00000000
      vertex 32.63891237 10.22035138 3.00000000
      vertex 33.69449582 11.80014364 3.00000000
    endloop
  endfacet
  facet normal 0.00000000 0.00000000 -1.00000000
    outer loop
      vertex 34.22487373 11.36487373 3.00000000
      vertex 32.88137085 10.02137085 3.00000000
      vertex 32.63891237 10.22035138 3.00000000
    endloop
  endfacet
  facet normal 0.47139674 0.88192126 0.00000000
    outer loop
      vertex 33.69449582 11.80014364 3.00000000
      vertex 33.08939201 12.12357836 3.00000000
      vertex 33.08939201 12.12357836 8.00000000
    endloop
  endfacet
  facet normal 0.47139674 0.88192126 -0.00000000
    outer loop
      vertex 33.69449582 11.80014364 3.00000000
      vertex 33.08939201 12.12357836 8.00000000
      vertex 33.69449582 11.80014364 8.00000000
    endloop
  endfacet
  facet normal -0.47139674 -0.88192126 0.00000000
    outer loop
      vertex 32.63891237 10.22035138 3.00000000
      vertex 32.36229349 10.36820725 8.00000000
      vertex 32.36229349 10.36820725 3.00000000
    endloop
  endfacet
  facet normal -0.47139674 -0.88192126 0.00000000
    outer loop
      vertex 32.63891237 10.22035138 3.00000000
      vertex 32.63891237 10.22035138 8.00000000
      vertex 32.36229349 10.36820725 8.00000000
    endloop
  endfacet
  facet normal 0.00000000 0.00000000 1.00000000
    outer loop
      vertex 33.69449582 11.80014364 8.00000000
      vertex 33.08939201 12.12357836 8.00000000
      vertex 32.36229349 10.36820725 8.00000000
    endloop
  endfacet
  facet normal 0.00000000 0.00000000 1.00000000
    outer loop
      vertex 33.69449582 11.80014364 8.00000000
      vertex 32.36229349 10.36820725 8.00000000
      vertex 32.63891237 10.22035138 8.00000000
    endloop
  endfacet
  facet normal -0.00000000 0.00000000 -1.00000000
    outer loop
      vertex 33.69449582 11.80014364 3.00000000
      vertex 32.36229349 10.36820725 3.00000000
      vertex 33.08939201 12.12357836 3.00000000
    endloop
  endfacet
  facet normal 0.00000000 0.00000000 -1.00000000
    outer loop
      vertex 33.69449582 11.80014364 3.00000000
      vertex 32.63891237 10.22035138 3.00000000
      vertex 32.36229349 10.36820725 3.00000000
    endloop
  endfacet
  facet normal 0.29028468 0.95694034 0.00000000
    outer loop
      vertex 33.08939201 12.12357836 3.00000000
      vertex 32.43281613 12.32274848 3.00000000
      vertex 32.43281613 12.32274848 8.00000000
    endloop
  endfacet
  facet normal 0.29028468 0.95694034 -0.00000000
    outer loop
      vertex 33.08939201 12.12357836 3.00000000
      vertex 32.43281613 12.32274848 8.00000000
      vertex 33.08939201 12.12357836 8.00000000
    endloop
  endfacet
  facet normal -0.29028468 -0.95694034 0.00000000
    outer loop
      vertex 32.36229349 10.36820725 3.00000000
      vertex 32.06214452 10.45925645 8.00000000
      vertex 32.06214452 10.45925645 3.00000000
    endloop
  endfacet
  facet normal -0.29028468 -0.95694034 0.00000000
    outer loop
      vertex 32.36229349 10.36820725 3.00000000
      vertex 32.36229349 10.36820725 8.00000000
      vertex 32.06214452 10.45925645 8.00000000
    endloop
  endfacet
  facet normal 0.00000000 0.00000000 1.00000000
    outer loop
      vertex 33.08939201 12.12357836 8.00000000
      vertex 32.43281613 12.32274848 8.00000000
      vertex 32.06214452 10.45925645 8.00000000
    endloop
  endfacet
  facet normal 0.00000000 0.00000000 1.00000000
    outer loop
      vertex 33.08939201 12.12357836 8.00000000
      vertex 32.06214452 10.45925645 8.00000000
      vertex 32.36229349 10.36820725 8.00000000
    endloop
  endfacet
  facet normal -0.00000000 0.00000000 -1.00000000
    outer loop
      vertex 33.08939201 12.12357836 3.00000000
      vertex 32.06214452 10.45925645 3.00000000
      vertex 32.43281613 12.32274848 3.00000000
    endloop
  endfacet
  facet normal 0.00000000 0.00000000 -1.00000000
    outer loop
      vertex 33.08939201 12.12357836 3.00000000
      vertex 32.36229349 10.36820725 3.00000000
      vertex 32.06214452 10.45925645 3.00000000
    endloop
  endfacet
  facet normal 0.09801714 0.99518473 0.00000000
    outer loop
      vertex 32.43281613 12.32274848 3.00000000
      vertex 31.75000000 12.39000000 3.00000000
      vertex 31.75000000 12.39000000 8.00000000
    endloop
  endfacet
  facet normal 0.09801714 0.99518473 -0.00000000
    outer loop
      vertex 32.43281613 12.32274848 3.00000000
      vertex 31.75000000 12.39000000 8.00000000
      vertex 32.43281613 12.32274848 8.00000000
    endloop
  endfacet
  facet normal -0.09801714 -0.99518473 0.00000000
    outer loop
      vertex 32.06214452 10.45925645 3.00000000
      vertex 31.75000000 10.49000000 8.00000000
      vertex 31.75000000 10.49000000 3.00000000
    endloop
  endfacet
  facet normal -0.09801714 -0.99518473 0.00000000
    outer loop
      vertex 32.06214452 10.45925645 3.00000000
      vertex 32.06214452 10.45925645 8.00000000
      vertex 31.75000000 10.49000000 8.00000000
    endloop
  endfacet
  facet normal 0.00000000 0.00000000 1.00000000
    outer loop
      vertex 32.43281613 12.32274848 8.00000000
      vertex 31.75000000 12.39000000 8.00000000
      vertex 31.75000000 10.49000000 8.00000000
    endloop
  endfacet
  facet normal 0.00000000 0.00000000 1.00000000
    outer loop
      vertex 32.43281613 12.32274848 8.00000000
      vertex 31.75000000 10.49000000 8.00000000
      vertex 32.06214452 10.45925645 8.00000000
    endloop
  endfacet
  facet normal -0.00000000 0.00000000 -1.00000000
    outer loop
      vertex 32.43281613 12.32274848 3.00000000
      vertex 31.75000000 10.49000000 3.00000000
      vertex 31.75000000 12.39000000 3.00000000
    endloop
  endfacet
  facet normal 0.00000000 0.00000000 -1.00000000
    outer loop
      vertex 32.43281613 12.32274848 3.00000000
      vertex 32.06214452 10.45925645 3.00000000
      vertex 31.75000000 10.49000000 3.00000000
    endloop
  endfacet
  facet normal -0.09801714 0.99518473 0.00000000
    outer loop
      vertex 31.75000000 12.39000000 3.00000000
      vertex 31.06718387 12.32274848 3.00000000
      vertex 31.06718387 12.32274848 8.00000000
    endloop
  endfacet
  facet normal -0.09801714 0.99518473 0.00000000
    outer loop
      vertex 31.75000000 12.39000000 3.00000000
      vertex 31.06718387 12.32274848 8.00000000
      vertex 31.75000000 12.39000000 8.00000000
    endloop
  endfacet
  facet normal 0.09801714 -0.99518473 0.00000000
    outer loop
      vertex 31.75000000 10.49000000 3.00000000
      vertex 31.43785548 10.45925645 8.00000000
      vertex 31.43785548 10.45925645 3.00000000
    endloop
  endfacet
  facet normal 0.09801714 -0.99518473 0.00000000
    outer loop
      vertex 31.75000000 10.49000000 3.00000000
      vertex 31.75000000 10.49000000 8.00000000
      vertex 31.43785548 10.45925645 8.00000000
    endloop
  endfacet
  facet normal 0.00000000 0.00000000 1.00000000
    outer loop
      vertex 31.75000000 12.39000000 8.00000000
      vertex 31.06718387 12.32274848 8.00000000
      vertex 31.43785548 10.45925645 8.00000000
    endloop
  endfacet
  facet normal 0.00000000 0.00000000 1.00000000
    outer loop
      vertex 31.75000000 12.39000000 8.00000000
      vertex 31.43785548 10.45925645 8.00000000
      vertex 31.75000000 10.49000000 8.00000000
    endloop
  endfacet
  facet normal 0.00000000 0.00000000 -1.00000000
    outer loop
      vertex 31.75000000 12.39000000 3.00000000
      vertex 31.43785548 10.45925645 3.00000000
      vertex 31.06718387 12.32274848 3.00000000
    endloop
  endfacet
  facet normal 0.00000000 -0.00000000 -1.00000000
    outer loop
      vertex 31.75000000 12.39000000 3.00000000
      vertex 31.75000000 10.49000000 3.00000000
      vertex 31.43785548 10.45925645 3.00000000
    endloop
  endfacet
  facet normal -0.29028468 0.95694034 0.00000000
    outer loop
      vertex 31.06718387 12.32274848 3.00000000
      vertex 30.41060799 12.12357836 3.00000000
      vertex 30.41060799 12.12357836 8.00000000
    endloop
  endfacet
  facet normal -0.29028468 0.95694034 0.00000000
    outer loop
      vertex 31.06718387 12.32274848 3.00000000
      vertex 30.41060799 12.12357836 8.00000000
      vertex 31.06718387 12.32274848 8.00000000
    endloop
  endfacet
  facet normal 0.29028468 -0.95694034 0.00000000
    outer loop
      vertex 31.43785548 10.45925645 3.00000000
      vertex 31.13770651 10.36820725 8.00000000
      vertex 31.13770651 10.36820725 3.00000000
    endloop
  endfacet
  facet normal 0.29028468 -0.95694034 0.00000000
    outer loop
      vertex 31.43785548 10.45925645 3.00000000
      vertex 31.43785548 10.45925645 8.00000000
      vertex 31.13770651 10.36820725 8.00000000
    endloop
  endfacet
  facet normal 0.00000000 0.00000000 1.00000000
    outer loop
      vertex 31.06718387 12.32274848 8.00000000
      vertex 30.41060799 12.12357836 8.00000000
      vertex 31.13770651 10.36820725 8.00000000
    endloop
  endfacet
  facet normal 0.00000000 0.00000000 1.00000000
    outer loop
      vertex 31.06718387 12.32274848 8.00000000
      vertex 31.13770651 10.36820725 8.00000000
      vertex 31.43785548 10.45925645 8.00000000
    endloop
  endfacet
  facet normal 0.00000000 -0.00000000 -1.00000000
    outer loop
      vertex 31.06718387 12.32274848 3.00000000
      vertex 31.13770651 10.36820725 3.00000000
      vertex 30.41060799 12.12357836 3.00000000
    endloop
  endfacet
  facet normal 0.00000000 0.00000000 -1.00000000
    outer loop
      vertex 31.06718387 12.32274848 3.00000000
      vertex 31.43785548 10.45925645 3.00000000
      vertex 31.13770651 10.36820725 3.00000000
    endloop
  endfacet
  facet normal -0.47139674 0.88192126 0.00000000
    outer loop
      vertex 30.41060799 12.12357836 3.00000000
      vertex 29.80550418 11.80014364 3.00000000
      vertex 29.80550418 11.80014364 8.00000000
    endloop
  endfacet
  facet normal -0.47139674 0.88192126 0.00000000
    outer loop
      vertex 30.41060799 12.12357836 3.00000000
      vertex 29.80550418 11.80014364 8.00000000
      vertex 30.41060799 12.12357836 8.00000000
    endloop
  endfacet
  facet normal 0.47139674 -0.88192126 0.00000000
    outer loop
      vertex 31.13770651 10.36820725 3.00000000
      vertex 30.86108763 10.22035138 8.00000000
      vertex 30.86108763 10.22035138 3.00000000
    endloop
  endfacet
  facet normal 0.47139674 -0.88192126 0.00000000
    outer loop
      vertex 31.13770651 10.36820725 3.00000000
      vertex 31.13770651 10.36820725 8.00000000
      vertex 30.86108763 10.22035138 8.00000000
    endloop
  endfacet
  facet normal 0.00000000 0.00000000 1.00000000
    outer loop
      vertex 30.41060799 12.12357836 8.00000000
      vertex 29.80550418 11.80014364 8.00000000
      vertex 30.86108763 10.22035138 8.00000000
    endloop
  endfacet
  facet normal 0.00000000 0.00000000 1.00000000
    outer loop
      vertex 30.41060799 12.12357836 8.00000000
      vertex 30.86108763 10.22035138 8.00000000
      vertex 31.13770651 10.36820725 8.00000000
    endloop
  endfacet
  facet normal 0.00000000 -0.00000000 -1.00000000
    outer loop
      vertex 30.41060799 12.12357836 3.00000000
      vertex 30.86108763 10.22035138 3.00000000
      vertex 29.80550418 11.80014364 3.00000000
    endloop
  endfacet
  facet normal 0.00000000 0.00000000 -1.00000000
    outer loop
      vertex 30.41060799 12.12357836 3.00000000
      vertex 31.13770651 10.36820725 3.00000000
      vertex 30.86108763 10.22035138 3.00000000
    endloop
  endfacet
  facet normal -0.63439328 0.77301045 0.00000000
    outer loop
      vertex 29.80550418 11.80014364 3.00000000
      vertex 29.27512627 11.36487373 3.00000000
      vertex 29.27512627 11.36487373 8.00000000
    endloop
  endfacet
  facet normal -0.63439328 0.77301045 0.00000000
    outer loop
      vertex 29.80550418 11.80014364 3.00000000
      vertex 29.27512627 11.36487373 8.00000000
      vertex 29.80550418 11.80014364 8.00000000
    endloop
  endfacet
  facet normal 0.63439328 -0.77301045 0.00000000
    outer loop
      vertex 30.86108763 10.22035138 3.00000000
      vertex 30.61862915 10.02137085 8.00000000
      vertex 30.61862915 10.02137085 3.00000000
    endloop
  endfacet
  facet normal 0.63439328 -0.77301045 0.00000000
    outer loop
      vertex 30.86108763 10.22035138 3.00000000
      vertex 30.86108763 10.22035138 8.00000000
      vertex 30.61862915 10.02137085 8.00000000
    endloop
  endfacet
  facet normal 0.00000000 0.00000000 1.00000000
    outer loop
      vertex 29.80550418 11.80014364 8.00000000
      vertex 29.27512627 11.36487373 8.00000000
      vertex 30.61862915 10.02137085 8.00000000
    endloop
  endfacet
  facet normal 0.00000000 0.00000000 1.00000000
    outer loop
      vertex 29.80550418 11.80014364 8.00000000
      vertex 30.61862915 10.02137085 8.00000000
      vertex 30.86108763 10.22035138 8.00000000
    endloop
  endfacet
  facet normal 0.00000000 -0.00000000 -1.00000000
    outer loop
      vertex 29.80550418 11.80014364 3.00000000
      vertex 30.61862915 10.02137085 3.00000000
      vertex 29.27512627 11.36487373 3.00000000
    endloop
  endfacet
  facet normal 0.00000000 0.00000000 -1.00000000
    outer loop
      vertex 29.80550418 11.80014364 3.00000000
      vertex 30.86108763 10.22035138 3.00000000
      vertex 30.61862915 10.02137085 3.00000000
    endloop
  endfacet
  facet normal -0.77301045 0.63439328 0.00000000
    outer loop
      vertex 29.27512627 11.36487373 3.00000000
      vertex 28.83985636 10.83449582 3.00000000
      vertex 28.83985636 10.83449582 8.00000000
    endloop
  endfacet
  facet normal -0.77301045 0.63439328 0.00000000
    outer loop
      vertex 29.27512627 11.36487373 3.00000000
      vertex 28.83985636 10.83449582 8.00000000
      vertex 29.27512627 11.36487373 8.00000000
    endloop
  endfacet
  facet normal 0.77301045 -0.63439328 0.00000000
    outer loop
      vertex 30.61862915 10.02137085 3.00000000
      vertex 30.41964862 9.77891237 8.00000000
      vertex 30.41964862 9.77891237 3.00000000
    endloop
  endfacet
  facet normal 0.77301045 -0.63439328 0.00000000
    outer loop
      vertex 30.61862915 10.02137085 3.00000000
      vertex 30.61862915 10.02137085 8.00000000
      vertex 30.41964862 9.77891237 8.00000000
    endloop
  endfacet
  facet normal 0.00000000 0.00000000 1.00000000
    outer loop
      vertex 29.27512627 11.36487373 8.00000000
      vertex 28.83985636 10.83449582 8.00000000
      vertex 30.41964862 9.77891237 8.00000000
    endloop
  endfacet
  facet normal 0.00000000 0.00000000 1.00000000
    outer loop
      vertex 29.27512627 11.36487373 8.00000000
      vertex 30.41964862 9.77891237 8.00000000
      vertex 30.61862915 10.02137085 8.00000000
    endloop
  endfacet
  facet normal 0.00000000 -0.00000000 -1.00000000
    outer loop
      vertex 29.27512627 11.36487373 3.00000000
      vertex 30.41964862 9.77891237 3.00000000
      vertex 28.83985636 10.83449582 3.00000000
    endloop
  endfacet
  facet normal 0.00000000 0.00000000 -1.00000000
    outer loop
      vertex 29.27512627 11.36487373 3.00000000
      vertex 30.61862915 10.02137085 3.00000000
      vertex 30.41964862 9.77891237 3.00000000
    endloop
  endfacet
  facet normal -0.88192126 0.47139674 0.00000000
    outer loop
      vertex 28.83985636 10.83449582 3.00000000
      vertex 28.51642164 10.22939201 3.00000000
      vertex 28.51642164 10.22939201 8.00000000
    endloop
  endfacet
  facet normal -0.88192126 0.47139674 0.00000000
    outer loop
      vertex 28.83985636 10.83449582 3.00000000
      vertex 28.51642164 10.22939201 8.00000000
      vertex 28.83985636 10.83449582 8.00000000
    endloop
  endfacet
  facet normal 0.88192126 -0.47139674 0.00000000
    outer loop
      vertex 30.41964862 9.77891237 3.00000000
      vertex 30.27179275 9.50229349 8.00000000
      vertex 30.27179275 9.50229349 3.00000000
    endloop
  endfacet
  facet normal 0.88192126 -0.47139674 0.00000000
    outer loop
      vertex 30.41964862 9.77891237 3.00000000
      vertex 30.41964862 9.77891237 8.00000000
      vertex 30.27179275 9.50229349 8.00000000
    endloop
  endfacet
  facet normal 0.00000000 0.00000000 1.00000000
    outer loop
      vertex 28.83985636 10.83449582 8.00000000
      vertex 28.51642164 10.22939201 8.00000000
      vertex 30.27179275 9.50229349 8.00000000
    endloop
  endfacet
  facet normal 0.00000000 0.00000000 1.00000000
    outer loop
      vertex 28.83985636 10.83449582 8.00000000
      vertex 30.27179275 9.50229349 8.00000000
      vertex 30.41964862 9.77891237 8.00000000
    endloop
  endfacet
  facet normal 0.00000000 -0.00000000 -1.00000000
    outer loop
      vertex 28.83985636 10.83449582 3.00000000
      vertex 30.27179275 9.50229349 3.00000000
      vertex 28.51642164 10.22939201 3.00000000
    endloop
  endfacet
  facet normal 0.00000000 0.00000000 -1.00000000
    outer loop
      vertex 28.83985636 10.83449582 3.00000000
      vertex 30.41964862 9.77891237 3.00000000
      vertex 30.27179275 9.50229349 3.00000000
    endloop
  endfacet
  facet normal -0.95694034 0.29028468 0.00000000
    outer loop
      vertex 28.51642164 10.22939201 3.00000000
      vertex 28.31725152 9.57281613 3.00000000
      vertex 28.31725152 9.57281613 8.00000000
    endloop
  endfacet
  facet normal -0.95694034 0.29028468 0.00000000
    outer loop
      vertex 28.51642164 10.22939201 3.00000000
      vertex 28.31725152 9.57281613 8.00000000
      vertex 28.51642164 10.22939201 8.00000000
    endloop
  endfacet
  facet normal 0.95694034 -0.29028468 0.00000000
    outer loop
      vertex 30.27179275 9.50229349 3.00000000
      vertex 30.18074355 9.20214452 8.00000000
      vertex 30.18074355 9.20214452 3.00000000
    endloop
  endfacet
  facet normal 0.95694034 -0.29028468 0.00000000
    outer loop
      vertex 30.27179275 9.50229349 3.00000000
      vertex 30.27179275 9.50229349 8.00000000
      vertex 30.18074355 9.20214452 8.00000000
    endloop
  endfacet
  facet normal 0.00000000 0.00000000 1.00000000
    outer loop
      vertex 28.51642164 10.22939201 8.00000000
      vertex 28.31725152 9.57281613 8.00000000
      vertex 30.18074355 9.20214452 8.00000000
    endloop
  endfacet
  facet normal 0.00000000 0.00000000 1.00000000
    outer loop
      vertex 28.51642164 10.22939201 8.00000000
      vertex 30.18074355 9.20214452 8.00000000
      vertex 30.27179275 9.50229349 8.00000000
    endloop
  endfacet
  facet normal 0.00000000 -0.00000000 -1.00000000
    outer loop
      vertex 28.51642164 10.22939201 3.00000000
      vertex 30.18074355 9.20214452 3.00000000
      vertex 28.31725152 9.57281613 3.00000000
    endloop
  endfacet
  facet normal 0.00000000 0.00000000 -1.00000000
    outer loop
      vertex 28.51642164 10.22939201 3.00000000
      vertex 30.27179275 9.50229349 3.00000000
      vertex 30.18074355 9.20214452 3.00000000
    endloop
  endfacet
  facet normal -0.99518473 0.09801714 0.00000000
    outer loop
      vertex 28.31725152 9.57281613 3.00000000
      vertex 28.25000000 8.89000000 3.00000000
      vertex 28.25000000 8.89000000 8.00000000
    endloop
  endfacet
  facet normal -0.99518473 0.09801714 0.00000000
    outer loop
      vertex 28.31725152 9.57281613 3.00000000
      vertex 28.25000000 8.89000000 8.00000000
      vertex 28.31725152 9.57281613 8.00000000
    endloop
  endfacet
  facet normal 0.99518473 -0.09801714 0.00000000
    outer loop
      vertex 30.18074355 9.20214452 3.00000000
      vertex 30.15000000 8.89000000 8.00000000
      vertex 30.15000000 8.89000000 3.00000000
    endloop
  endfacet
  facet normal 0.99518473 -0.09801714 0.00000000
    outer loop
      vertex 30.18074355 9.20214452 3.00000000
      vertex 30.18074355 9.20214452 8.00000000
      vertex 30.15000000 8.89000000 8.00000000
    endloop
  endfacet
  facet normal 0.00000000 0.00000000 1.00000000
    outer loop
      vertex 28.31725152 9.57281613 8.00000000
      vertex 28.25000000 8.89000000 8.00000000
      vertex 30.15000000 8.89000000 8.00000000
    endloop
  endfacet
  facet normal 0.00000000 0.00000000 1.00000000
    outer loop
      vertex 28.31725152 9.57281613 8.00000000
      vertex 30.15000000 8.89000000 8.00000000
      vertex 30.18074355 9.20214452 8.00000000
    endloop
  endfacet
  facet normal 0.00000000 -0.00000000 -1.00000000
    outer loop
      vertex 28.31725152 9.57281613 3.00000000
      vertex 30.15000000 8.89000000 3.00000000
      vertex 28.25000000 8.89000000 3.00000000
    endloop
  endfacet
  facet normal 0.00000000 0.00000000 -1.00000000
    outer loop
      vertex 28.31725152 9.57281613 3.00000000
      vertex 30.18074355 9.20214452 3.00000000
      vertex 30.15000000 8.89000000 3.00000000
    endloop
  endfacet
  facet normal -0.99518473 -0.09801714 0.00000000
    outer loop
      vertex 28.25000000 8.89000000 3.00000000
      vertex 28.31725152 8.20718387 3.00000000
      vertex 28.31725152 8.20718387 8.00000000
    endloop
  endfacet
  facet normal -0.99518473 -0.09801714 0.00000000
    outer loop
      vertex 28.25000000 8.89000000 3.00000000
      vertex 28.31725152 8.20718387 8.00000000
      vertex 28.25000000 8.89000000 8.00000000
    endloop
  endfacet
  facet normal 0.99518473 0.09801714 0.00000000
    outer loop
      vertex 30.15000000 8.89000000 3.00000000
      vertex 30.18074355 8.57785548 8.00000000
      vertex 30.18074355 8.57785548 3.00000000
    endloop
  endfacet
  facet normal 0.99518473 0.09801714 -0.00000000
    outer loop
      vertex 30.15000000 8.89000000 3.00000000
      vertex 30.15000000 8.89000000 8.00000000
      vertex 30.18074355 8.57785548 8.00000000
    endloop
  endfacet
  facet normal 0.00000000 0.00000000 1.00000000
    outer loop
      vertex 28.25000000 8.89000000 8.00000000
      vertex 28.31725152 8.20718387 8.00000000
      vertex 30.18074355 8.57785548 8.00000000
    endloop
  endfacet
  facet normal -0.00000000 0.00000000 1.00000000
    outer loop
      vertex 28.25000000 8.89000000 8.00000000
      vertex 30.18074355 8.57785548 8.00000000
      vertex 30.15000000 8.89000000 8.00000000
    endloop
  endfacet
  facet normal 0.00000000 0.00000000 -1.00000000
    outer loop
      vertex 28.25000000 8.89000000 3.00000000
      vertex 30.18074355 8.57785548 3.00000000
      vertex 28.31725152 8.20718387 3.00000000
    endloop
  endfacet
  facet normal 0.00000000 0.00000000 -1.00000000
    outer loop
      vertex 28.25000000 8.89000000 3.00000000
      vertex 30.15000000 8.89000000 3.00000000
      vertex 30.18074355 8.57785548 3.00000000
    endloop
  endfacet
  facet normal -0.95694034 -0.29028468 0.00000000
    outer loop
      vertex 28.31725152 8.20718387 3.00000000
      vertex 28.51642164 7.55060799 3.00000000
      vertex 28.51642164 7.55060799 8.00000000
    endloop
  endfacet
  facet normal -0.95694034 -0.29028468 0.00000000
    outer loop
      vertex 28.31725152 8.20718387 3.00000000
      vertex 28.51642164 7.55060799 8.00000000
      vertex 28.31725152 8.20718387 8.00000000
    endloop
  endfacet
  facet normal 0.95694034 0.29028468 0.00000000
    outer loop
      vertex 30.18074355 8.57785548 3.00000000
      vertex 30.27179275 8.27770651 8.00000000
      vertex 30.27179275 8.27770651 3.00000000
    endloop
  endfacet
  facet normal 0.95694034 0.29028468 -0.00000000
    outer loop
      vertex 30.18074355 8.57785548 3.00000000
      vertex 30.18074355 8.57785548 8.00000000
      vertex 30.27179275 8.27770651 8.00000000
    endloop
  endfacet
  facet normal -0.00000000 0.00000000 1.00000000
    outer loop
      vertex 28.31725152 8.20718387 8.00000000
      vertex 28.51642164 7.55060799 8.00000000
      vertex 30.27179275 8.27770651 8.00000000
    endloop
  endfacet
  facet normal 0.00000000 0.00000000 1.00000000
    outer loop
      vertex 28.31725152 8.20718387 8.00000000
      vertex 30.27179275 8.27770651 8.00000000
      vertex 30.18074355 8.57785548 8.00000000
    endloop
  endfacet
  facet normal 0.00000000 0.00000000 -1.00000000
    outer loop
      vertex 28.31725152 8.20718387 3.00000000
      vertex 30.27179275 8.27770651 3.00000000
      vertex 28.51642164 7.55060799 3.00000000
    endloop
  endfacet
  facet normal 0.00000000 0.00000000 -1.00000000
    outer loop
      vertex 28.31725152 8.20718387 3.00000000
      vertex 30.18074355 8.57785548 3.00000000
      vertex 30.27179275 8.27770651 3.00000000
    endloop
  endfacet
  facet normal -0.88192126 -0.47139674 0.00000000
    outer loop
      vertex 28.51642164 7.55060799 3.00000000
      vertex 28.83985636 6.94550418 3.00000000
      vertex 28.83985636 6.94550418 8.00000000
    endloop
  endfacet
  facet normal -0.88192126 -0.47139674 0.00000000
    outer loop
      vertex 28.51642164 7.55060799 3.00000000
      vertex 28.83985636 6.94550418 8.00000000
      vertex 28.51642164 7.55060799 8.00000000
    endloop
  endfacet
  facet normal 0.88192126 0.47139674 0.00000000
    outer loop
      vertex 30.27179275 8.27770651 3.00000000
      vertex 30.41964862 8.00108763 8.00000000
      vertex 30.41964862 8.00108763 3.00000000
    endloop
  endfacet
  facet normal 0.88192126 0.47139674 -0.00000000
    outer loop
      vertex 30.27179275 8.27770651 3.00000000
      vertex 30.27179275 8.27770651 8.00000000
      vertex 30.41964862 8.00108763 8.00000000
    endloop
  endfacet
  facet normal -0.00000000 0.00000000 1.00000000
    outer loop
      vertex 28.51642164 7.55060799 8.00000000
      vertex 28.83985636 6.94550418 8.00000000
      vertex 30.41964862 8.00108763 8.00000000
    endloop
  endfacet
  facet normal 0.00000000 0.00000000 1.00000000
    outer loop
      vertex 28.51642164 7.55060799 8.00000000
      vertex 30.41964862 8.00108763 8.00000000
      vertex 30.27179275 8.27770651 8.00000000
    endloop
  endfacet
  facet normal 0.00000000 0.00000000 -1.00000000
    outer loop
      vertex 28.51642164 7.55060799 3.00000000
      vertex 30.41964862 8.00108763 3.00000000
      vertex 28.83985636 6.94550418 3.00000000
    endloop
  endfacet
  facet normal 0.00000000 0.00000000 -1.00000000
    outer loop
      vertex 28.51642164 7.55060799 3.00000000
      vertex 30.27179275 8.27770651 3.00000000
      vertex 30.41964862 8.00108763 3.00000000
    endloop
  endfacet
  facet normal -0.77301045 -0.63439328 0.00000000
    outer loop
      vertex 28.83985636 6.94550418 3.00000000
      vertex 29.27512627 6.41512627 3.00000000
      vertex 29.27512627 6.41512627 8.00000000
    endloop
  endfacet
  facet normal -0.77301045 -0.63439328 0.00000000
    outer loop
      vertex 28.83985636 6.94550418 3.00000000
      vertex 29.27512627 6.41512627 8.00000000
      vertex 28.83985636 6.94550418 8.00000000
    endloop
  endfacet
  facet normal 0.77301045 0.63439328 0.00000000
    outer loop
      vertex 30.41964862 8.00108763 3.00000000
      vertex 30.61862915 7.75862915 8.00000000
      vertex 30.61862915 7.75862915 3.00000000
    endloop
  endfacet
  facet normal 0.77301045 0.63439328 -0.00000000
    outer loop
      vertex 30.41964862 8.00108763 3.00000000
      vertex 30.41964862 8.00108763 8.00000000
      vertex 30.61862915 7.75862915 8.00000000
    endloop
  endfacet
  facet normal -0.00000000 0.00000000 1.00000000
    outer loop
      vertex 28.83985636 6.94550418 8.00000000
      vertex 29.27512627 6.41512627 8.00000000
      vertex 30.61862915 7.75862915 8.00000000
    endloop
  endfacet
  facet normal 0.00000000 0.00000000 1.00000000
    outer loop
      vertex 28.83985636 6.94550418 8.00000000
      vertex 30.61862915 7.75862915 8.00000000
      vertex 30.41964862 8.00108763 8.00000000
    endloop
  endfacet
  facet normal 0.00000000 0.00000000 -1.00000000
    outer loop
      vertex 28.83985636 6.94550418 3.00000000
      vertex 30.61862915 7.75862915 3.00000000
      vertex 29.27512627 6.41512627 3.00000000
    endloop
  endfacet
  facet normal 0.00000000 0.00000000 -1.00000000
    outer loop
      vertex 28.83985636 6.94550418 3.00000000
      vertex 30.41964862 8.00108763 3.00000000
      vertex 30.61862915 7.75862915 3.00000000
    endloop
  endfacet
  facet normal -0.63439328 -0.77301045 0.00000000
    outer loop
      vertex 29.27512627 6.41512627 3.00000000
      vertex 29.80550418 5.97985636 3.00000000
      vertex 29.80550418 5.97985636 8.00000000
    endloop
  endfacet
  facet normal -0.63439328 -0.77301045 0.00000000
    outer loop
      vertex 29.27512627 6.41512627 3.00000000
      vertex 29.80550418 5.97985636 8.00000000
      vertex 29.27512627 6.41512627 8.00000000
    endloop
  endfacet
  facet normal 0.63439328 0.77301045 0.00000000
    outer loop
      vertex 30.61862915 7.75862915 3.00000000
      vertex 30.86108763 7.55964862 8.00000000
      vertex 30.86108763 7.55964862 3.00000000
    endloop
  endfacet
  facet normal 0.63439328 0.77301045 -0.00000000
    outer loop
      vertex 30.61862915 7.75862915 3.00000000
      vertex 30.61862915 7.75862915 8.00000000
      vertex 30.86108763 7.55964862 8.00000000
    endloop
  endfacet
  facet normal -0.00000000 0.00000000 1.00000000
    outer loop
      vertex 29.27512627 6.41512627 8.00000000
      vertex 29.80550418 5.97985636 8.00000000
      vertex 30.86108763 7.55964862 8.00000000
    endloop
  endfacet
  facet normal 0.00000000 0.00000000 1.00000000
    outer loop
      vertex 29.27512627 6.41512627 8.00000000
      vertex 30.86108763 7.55964862 8.00000000
      vertex 30.61862915 7.75862915 8.00000000
    endloop
  endfacet
  facet normal 0.00000000 0.00000000 -1.00000000
    outer loop
      vertex 29.27512627 6.41512627 3.00000000
      vertex 30.86108763 7.55964862 3.00000000
      vertex 29.80550418 5.97985636 3.00000000
    endloop
  endfacet
  facet normal 0.00000000 0.00000000 -1.00000000
    outer loop
      vertex 29.27512627 6.41512627 3.00000000
      vertex 30.61862915 7.75862915 3.00000000
      vertex 30.86108763 7.55964862 3.00000000
    endloop
  endfacet
  facet normal -0.47139674 -0.88192126 0.00000000
    outer loop
      vertex 29.80550418 5.97985636 3.00000000
      vertex 30.41060799 5.65642164 3.00000000
      vertex 30.41060799 5.65642164 8.00000000
    endloop
  endfacet
  facet normal -0.47139674 -0.88192126 0.00000000
    outer loop
      vertex 29.80550418 5.97985636 3.00000000
      vertex 30.41060799 5.65642164 8.00000000
      vertex 29.80550418 5.97985636 8.00000000
    endloop
  endfacet
  facet normal 0.47139674 0.88192126 0.00000000
    outer loop
      vertex 30.86108763 7.55964862 3.00000000
      vertex 31.13770651 7.41179275 8.00000000
      vertex 31.13770651 7.41179275 3.00000000
    endloop
  endfacet
  facet normal 0.47139674 0.88192126 -0.00000000
    outer loop
      vertex 30.86108763 7.55964862 3.00000000
      vertex 30.86108763 7.55964862 8.00000000
      vertex 31.13770651 7.41179275 8.00000000
    endloop
  endfacet
  facet normal -0.00000000 0.00000000 1.00000000
    outer loop
      vertex 29.80550418 5.97985636 8.00000000
      vertex 30.41060799 5.65642164 8.00000000
      vertex 31.13770651 7.41179275 8.00000000
    endloop
  endfacet
  facet normal 0.00000000 0.00000000 1.00000000
    outer loop
      vertex 29.80550418 5.97985636 8.00000000
      vertex 31.13770651 7.41179275 8.00000000
      vertex 30.86108763 7.55964862 8.00000000
    endloop
  endfacet
  facet normal 0.00000000 0.00000000 -1.00000000
    outer loop
      vertex 29.80550418 5.97985636 3.00000000
      vertex 31.13770651 7.41179275 3.00000000
      vertex 30.41060799 5.65642164 3.00000000
    endloop
  endfacet
  facet normal 0.00000000 0.00000000 -1.00000000
    outer loop
      vertex 29.80550418 5.97985636 3.00000000
      vertex 30.86108763 7.55964862 3.00000000
      vertex 31.13770651 7.41179275 3.00000000
    endloop
  endfacet
  facet normal -0.29028468 -0.95694034 0.00000000
    outer loop
      vertex 30.41060799 5.65642164 3.00000000
      vertex 31.06718387 5.45725152 3.00000000
      vertex 31.06718387 5.45725152 8.00000000
    endloop
  endfacet
  facet normal -0.29028468 -0.95694034 0.00000000
    outer loop
      vertex 30.41060799 5.65642164 3.00000000
      vertex 31.06718387 5.45725152 8.00000000
      vertex 30.41060799 5.65642164 8.00000000
    endloop
  endfacet
  facet normal 0.29028468 0.95694034 0.00000000
    outer loop
      vertex 31.13770651 7.41179275 3.00000000
      vertex 31.43785548 7.32074355 8.00000000
      vertex 31.43785548 7.32074355 3.00000000
    endloop
  endfacet
  facet normal 0.29028468 0.95694034 -0.00000000
    outer loop
      vertex 31.13770651 7.41179275 3.00000000
      vertex 31.13770651 7.41179275 8.00000000
      vertex 31.43785548 7.32074355 8.00000000
    endloop
  endfacet
  facet normal -0.00000000 0.00000000 1.00000000
    outer loop
      vertex 30.41060799 5.65642164 8.00000000
      vertex 31.06718387 5.45725152 8.00000000
      vertex 31.43785548 7.32074355 8.00000000
    endloop
  endfacet
  facet normal 0.00000000 0.00000000 1.00000000
    outer loop
      vertex 30.41060799 5.65642164 8.00000000
      vertex 31.43785548 7.32074355 8.00000000
      vertex 31.13770651 7.41179275 8.00000000
    endloop
  endfacet
  facet normal 0.00000000 0.00000000 -1.00000000
    outer loop
      vertex 30.41060799 5.65642164 3.00000000
      vertex 31.43785548 7.32074355 3.00000000
      vertex 31.06718387 5.45725152 3.00000000
    endloop
  endfacet
  facet normal 0.00000000 0.00000000 -1.00000000
    outer loop
      vertex 30.41060799 5.65642164 3.00000000
      vertex 31.13770651 7.41179275 3.00000000
      vertex 31.43785548 7.32074355 3.00000000
    endloop
  endfacet
  facet normal -0.09801714 -0.99518473 0.00000000
    outer loop
      vertex 31.06718387 5.45725152 3.00000000
      vertex 31.75000000 5.39000000 3.00000000
      vertex 31.75000000 5.39000000 8.00000000
    endloop
  endfacet
  facet normal -0.09801714 -0.99518473 0.00000000
    outer loop
      vertex 31.06718387 5.45725152 3.00000000
      vertex 31.75000000 5.39000000 8.00000000
      vertex 31.06718387 5.45725152 8.00000000
    endloop
  endfacet
  facet normal 0.09801714 0.99518473 0.00000000
    outer loop
      vertex 31.43785548 7.32074355 3.00000000
      vertex 31.75000000 7.29000000 8.00000000
      vertex 31.75000000 7.29000000 3.00000000
    endloop
  endfacet
  facet normal 0.09801714 0.99518473 -0.00000000
    outer loop
      vertex 31.43785548 7.32074355 3.00000000
      vertex 31.43785548 7.32074355 8.00000000
      vertex 31.75000000 7.29000000 8.00000000
    endloop
  endfacet
  facet normal -0.00000000 0.00000000 1.00000000
    outer loop
      vertex 31.06718387 5.45725152 8.00000000
      vertex 31.75000000 5.39000000 8.00000000
      vertex 31.75000000 7.29000000 8.00000000
    endloop
  endfacet
  facet normal 0.00000000 0.00000000 1.00000000
    outer loop
      vertex 31.06718387 5.45725152 8.00000000
      vertex 31.75000000 7.29000000 8.00000000
      vertex 31.43785548 7.32074355 8.00000000
    endloop
  endfacet
  facet normal 0.00000000 0.00000000 -1.00000000
    outer loop
      vertex 31.06718387 5.45725152 3.00000000
      vertex 31.75000000 7.29000000 3.00000000
      vertex 31.75000000 5.39000000 3.00000000
    endloop
  endfacet
  facet normal 0.00000000 0.00000000 -1.00000000
    outer loop
      vertex 31.06718387 5.45725152 3.00000000
      vertex 31.43785548 7.32074355 3.00000000
      vertex 31.75000000 7.29000000 3.00000000
    endloop
  endfacet
  facet normal 0.09801714 -0.99518473 0.00000000
    outer loop
      vertex 31.75000000 5.39000000 3.00000000
      vertex 32.43281613 5.45725152 3.00000000
      vertex 32.43281613 5.45725152 8.00000000
    endloop
  endfacet
  facet normal 0.09801714 -0.99518473 0.00000000
    outer loop
      vertex 31.75000000 5.39000000 3.00000000
      vertex 32.43281613 5.45725152 8.00000000
      vertex 31.75000000 5.39000000 8.00000000
    endloop
  endfacet
  facet normal -0.09801714 0.99518473 0.00000000
    outer loop
      vertex 31.75000000 7.29000000 3.00000000
      vertex 32.06214452 7.32074355 8.00000000
      vertex 32.06214452 7.32074355 3.00000000
    endloop
  endfacet
  facet normal -0.09801714 0.99518473 0.00000000
    outer loop
      vertex 31.75000000 7.29000000 3.00000000
      vertex 31.75000000 7.29000000 8.00000000
      vertex 32.06214452 7.32074355 8.00000000
    endloop
  endfacet
  facet normal 0.00000000 0.00000000 1.00000000
    outer loop
      vertex 31.75000000 5.39000000 8.00000000
      vertex 32.43281613 5.45725152 8.00000000
      vertex 32.06214452 7.32074355 8.00000000
    endloop
  endfacet
  facet normal 0.00000000 0.00000000 1.00000000
    outer loop
      vertex 31.75000000 5.39000000 8.00000000
      vertex 32.06214452 7.32074355 8.00000000
      vertex 31.75000000 7.29000000 8.00000000
    endloop
  endfacet
  facet normal 0.00000000 0.00000000 -1.00000000
    outer loop
      vertex 31.75000000 5.39000000 3.00000000
      vertex 32.06214452 7.32074355 3.00000000
      vertex 32.43281613 5.45725152 3.00000000
    endloop
  endfacet
  facet normal 0.00000000 0.00000000 -1.00000000
    outer loop
      vertex 31.75000000 5.39000000 3.00000000
      vertex 31.75000000 7.29000000 3.00000000
      vertex 32.06214452 7.32074355 3.00000000
    endloop
  endfacet
  facet normal 0.29028468 -0.95694034 0.00000000
    outer loop
      vertex 32.43281613 5.45725152 3.00000000
      vertex 33.08939201 5.65642164 3.00000000
      vertex 33.08939201 5.65642164 8.00000000
    endloop
  endfacet
  facet normal 0.29028468 -0.95694034 0.00000000
    outer loop
      vertex 32.43281613 5.45725152 3.00000000
      vertex 33.08939201 5.65642164 8.00000000
      vertex 32.43281613 5.45725152 8.00000000
    endloop
  endfacet
  facet normal -0.29028468 0.95694034 0.00000000
    outer loop
      vertex 32.06214452 7.32074355 3.00000000
      vertex 32.36229349 7.41179275 8.00000000
      vertex 32.36229349 7.41179275 3.00000000
    endloop
  endfacet
  facet normal -0.29028468 0.95694034 0.00000000
    outer loop
      vertex 32.06214452 7.32074355 3.00000000
      vertex 32.06214452 7.32074355 8.00000000
      vertex 32.36229349 7.41179275 8.00000000
    endloop
  endfacet
  facet normal 0.00000000 -0.00000000 1.00000000
    outer loop
      vertex 32.43281613 5.45725152 8.00000000
      vertex 33.08939201 5.65642164 8.00000000
      vertex 32.36229349 7.41179275 8.00000000
    endloop
  endfacet
  facet normal 0.00000000 0.00000000 1.00000000
    outer loop
      vertex 32.43281613 5.45725152 8.00000000
      vertex 32.36229349 7.41179275 8.00000000
      vertex 32.06214452 7.32074355 8.00000000
    endloop
  endfacet
  facet normal 0.00000000 0.00000000 -1.00000000
    outer loop
      vertex 32.43281613 5.45725152 3.00000000
      vertex 32.36229349 7.41179275 3.00000000
      vertex 33.08939201 5.65642164 3.00000000
    endloop
  endfacet
  facet normal 0.00000000 0.00000000 -1.00000000
    outer loop
      vertex 32.43281613 5.45725152 3.00000000
      vertex 32.06214452 7.32074355 3.00000000
      vertex 32.36229349 7.41179275 3.00000000
    endloop
  endfacet
  facet normal 0.47139674 -0.88192126 0.00000000
    outer loop
      vertex 33.08939201 5.65642164 3.00000000
      vertex 33.69449582 5.97985636 3.00000000
      vertex 33.69449582 5.97985636 8.00000000
    endloop
  endfacet
  facet normal 0.47139674 -0.88192126 0.00000000
    outer loop
      vertex 33.08939201 5.65642164 3.00000000
      vertex 33.69449582 5.97985636 8.00000000
      vertex 33.08939201 5.65642164 8.00000000
    endloop
  endfacet
  facet normal -0.47139674 0.88192126 0.00000000
    outer loop
      vertex 32.36229349 7.41179275 3.00000000
      vertex 32.63891237 7.55964862 8.00000000
      vertex 32.63891237 7.55964862 3.00000000
    endloop
  endfacet
  facet normal -0.47139674 0.88192126 0.00000000
    outer loop
      vertex 32.36229349 7.41179275 3.00000000
      vertex 32.36229349 7.41179275 8.00000000
      vertex 32.63891237 7.55964862 8.00000000
    endloop
  endfacet
  facet normal 0.00000000 -0.00000000 1.00000000
    outer loop
      vertex 33.08939201 5.65642164 8.00000000
      vertex 33.69449582 5.97985636 8.00000000
      vertex 32.63891237 7.55964862 8.00000000
    endloop
  endfacet
  facet normal 0.00000000 0.00000000 1.00000000
    outer loop
      vertex 33.08939201 5.65642164 8.00000000
      vertex 32.63891237 7.55964862 8.00000000
      vertex 32.36229349 7.41179275 8.00000000
    endloop
  endfacet
  facet normal 0.00000000 0.00000000 -1.00000000
    outer loop
      vertex 33.08939201 5.65642164 3.00000000
      vertex 32.63891237 7.55964862 3.00000000
      vertex 33.69449582 5.97985636 3.00000000
    endloop
  endfacet
  facet normal 0.00000000 0.00000000 -1.00000000
    outer loop
      vertex 33.08939201 5.65642164 3.00000000
      vertex 32.36229349 7.41179275 3.00000000
      vertex 32.63891237 7.55964862 3.00000000
    endloop
  endfacet
  facet normal 0.63439328 -0.77301045 0.00000000
    outer loop
      vertex 33.69449582 5.97985636 3.00000000
      vertex 34.22487373 6.41512627 3.00000000
      vertex 34.22487373 6.41512627 8.00000000
    endloop
  endfacet
  facet normal 0.63439328 -0.77301045 0.00000000
    outer loop
      vertex 33.69449582 5.97985636 3.00000000
      vertex 34.22487373 6.41512627 8.00000000
      vertex 33.69449582 5.97985636 8.00000000
    endloop
  endfacet
  facet normal -0.63439328 0.77301045 0.00000000
    outer loop
      vertex 32.63891237 7.55964862 3.00000000
      vertex 32.88137085 7.75862915 8.00000000
      vertex 32.88137085 7.75862915 3.00000000
    endloop
  endfacet
  facet normal -0.63439328 0.77301045 0.00000000
    outer loop
      vertex 32.63891237 7.55964862 3.00000000
      vertex 32.63891237 7.55964862 8.00000000
      vertex 32.88137085 7.75862915 8.00000000
    endloop
  endfacet
  facet normal 0.00000000 -0.00000000 1.00000000
    outer loop
      vertex 33.69449582 5.97985636 8.00000000
      vertex 34.22487373 6.41512627 8.00000000
      vertex 32.88137085 7.75862915 8.00000000
    endloop
  endfacet
  facet normal 0.00000000 0.00000000 1.00000000
    outer loop
      vertex 33.69449582 5.97985636 8.00000000
      vertex 32.88137085 7.75862915 8.00000000
      vertex 32.63891237 7.55964862 8.00000000
    endloop
  endfacet
  facet normal 0.00000000 0.00000000 -1.00000000
    outer loop
      vertex 33.69449582 5.97985636 3.00000000
      vertex 32.88137085 7.75862915 3.00000000
      vertex 34.22487373 6.41512627 3.00000000
    endloop
  endfacet
  facet normal 0.00000000 0.00000000 -1.00000000
    outer loop
      vertex 33.69449582 5.97985636 3.00000000
      vertex 32.63891237 7.55964862 3.00000000
      vertex 32.88137085 7.75862915 3.00000000
    endloop
  endfacet
  facet normal 0.77301045 -0.63439328 0.00000000
    outer loop
      vertex 34.22487373 6.41512627 3.00000000
      vertex 34.66014364 6.94550418 3.00000000
      vertex 34.66014364 6.94550418 8.00000000
    endloop
  endfacet
  facet normal 0.77301045 -0.63439328 0.00000000
    outer loop
      vertex 34.22487373 6.41512627 3.00000000
      vertex 34.66014364 6.94550418 8.00000000
      vertex 34.22487373 6.41512627 8.00000000
    endloop
  endfacet
  facet normal -0.77301045 0.63439328 0.00000000
    outer loop
      vertex 32.88137085 7.75862915 3.00000000
      vertex 33.08035138 8.00108763 8.00000000
      vertex 33.08035138 8.00108763 3.00000000
    endloop
  endfacet
  facet normal -0.77301045 0.63439328 0.00000000
    outer loop
      vertex 32.88137085 7.75862915 3.00000000
      vertex 32.88137085 7.75862915 8.00000000
      vertex 33.08035138 8.00108763 8.00000000
    endloop
  endfacet
  facet normal 0.00000000 -0.00000000 1.00000000
    outer loop
      vertex 34.22487373 6.41512627 8.00000000
      vertex 34.66014364 6.94550418 8.00000000
      vertex 33.08035138 8.00108763 8.00000000
    endloop
  endfacet
  facet normal 0.00000000 0.00000000 1.00000000
    outer loop
      vertex 34.22487373 6.41512627 8.00000000
      vertex 33.08035138 8.00108763 8.00000000
      vertex 32.88137085 7.75862915 8.00000000
    endloop
  endfacet
  facet normal 0.00000000 0.00000000 -1.00000000
    outer loop
      vertex 34.22487373 6.41512627 3.00000000
      vertex 33.08035138 8.00108763 3.00000000
      vertex 34.66014364 6.94550418 3.00000000
    endloop
  endfacet
  facet normal 0.00000000 0.00000000 -1.00000000
    outer loop
      vertex 34.22487373 6.41512627 3.00000000
      vertex 32.88137085 7.75862915 3.00000000
      vertex 33.08035138 8.00108763 3.00000000
    endloop
  endfacet
  facet normal 0.88192126 -0.47139674 0.00000000
    outer loop
      vertex 34.66014364 6.94550418 3.00000000
      vertex 34.98357836 7.55060799 3.00000000
      vertex 34.98357836 7.55060799 8.00000000
    endloop
  endfacet
  facet normal 0.88192126 -0.47139674 0.00000000
    outer loop
      vertex 34.66014364 6.94550418 3.00000000
      vertex 34.98357836 7.55060799 8.00000000
      vertex 34.66014364 6.94550418 8.00000000
    endloop
  endfacet
  facet normal -0.88192126 0.47139674 0.00000000
    outer loop
      vertex 33.08035138 8.00108763 3.00000000
      vertex 33.22820725 8.27770651 8.00000000
      vertex 33.22820725 8.27770651 3.00000000
    endloop
  endfacet
  facet normal -0.88192126 0.47139674 0.00000000
    outer loop
      vertex 33.08035138 8.00108763 3.00000000
      vertex 33.08035138 8.00108763 8.00000000
      vertex 33.22820725 8.27770651 8.00000000
    endloop
  endfacet
  facet normal 0.00000000 -0.00000000 1.00000000
    outer loop
      vertex 34.66014364 6.94550418 8.00000000
      vertex 34.98357836 7.55060799 8.00000000
      vertex 33.22820725 8.27770651 8.00000000
    endloop
  endfacet
  facet normal 0.00000000 0.00000000 1.00000000
    outer loop
      vertex 34.66014364 6.94550418 8.00000000
      vertex 33.22820725 8.27770651 8.00000000
      vertex 33.08035138 8.00108763 8.00000000
    endloop
  endfacet
  facet normal 0.00000000 0.00000000 -1.00000000
    outer loop
      vertex 34.66014364 6.94550418 3.00000000
      vertex 33.22820725 8.27770651 3.00000000
      vertex 34.98357836 7.55060799 3.00000000
    endloop
  endfacet
  facet normal 0.00000000 0.00000000 -1.00000000
    outer loop
      vertex 34.66014364 6.94550418 3.00000000
      vertex 33.08035138 8.00108763 3.00000000
      vertex 33.22820725 8.27770651 3.00000000
    endloop
  endfacet
  facet normal 0.95694034 -0.29028468 0.00000000
    outer loop
      vertex 34.98357836 7.55060799 3.00000000
      vertex 35.18274848 8.20718387 3.00000000
      vertex 35.18274848 8.20718387 8.00000000
    endloop
  endfacet
  facet normal 0.95694034 -0.29028468 0.00000000
    outer loop
      vertex 34.98357836 7.55060799 3.00000000
      vertex 35.18274848 8.20718387 8.00000000
      vertex 34.98357836 7.55060799 8.00000000
    endloop
  endfacet
  facet normal -0.95694034 0.29028468 0.00000000
    outer loop
      vertex 33.22820725 8.27770651 3.00000000
      vertex 33.31925645 8.57785548 8.00000000
      vertex 33.31925645 8.57785548 3.00000000
    endloop
  endfacet
  facet normal -0.95694034 0.29028468 0.00000000
    outer loop
      vertex 33.22820725 8.27770651 3.00000000
      vertex 33.22820725 8.27770651 8.00000000
      vertex 33.31925645 8.57785548 8.00000000
    endloop
  endfacet
  facet normal 0.00000000 -0.00000000 1.00000000
    outer loop
      vertex 34.98357836 7.55060799 8.00000000
      vertex 35.18274848 8.20718387 8.00000000
      vertex 33.31925645 8.57785548 8.00000000
    endloop
  endfacet
  facet normal 0.00000000 0.00000000 1.00000000
    outer loop
      vertex 34.98357836 7.55060799 8.00000000
      vertex 33.31925645 8.57785548 8.00000000
      vertex 33.22820725 8.27770651 8.00000000
    endloop
  endfacet
  facet normal 0.00000000 0.00000000 -1.00000000
    outer loop
      vertex 34.98357836 7.55060799 3.00000000
      vertex 33.31925645 8.57785548 3.00000000
      vertex 35.18274848 8.20718387 3.00000000
    endloop
  endfacet
  facet normal 0.00000000 0.00000000 -1.00000000
    outer loop
      vertex 34.98357836 7.55060799 3.00000000
      vertex 33.22820725 8.27770651 3.00000000
      vertex 33.31925645 8.57785548 3.00000000
    endloop
  endfacet
  facet normal 0.99518473 -0.09801714 0.00000000
    outer loop
      vertex 35.18274848 8.20718387 3.00000000
      vertex 35.25000000 8.89000000 3.00000000
      vertex 35.25000000 8.89000000 8.00000000
    endloop
  endfacet
  facet normal 0.99518473 -0.09801714 0.00000000
    outer loop
      vertex 35.18274848 8.20718387 3.00000000
      vertex 35.25000000 8.89000000 8.00000000
      vertex 35.18274848 8.20718387 8.00000000
    endloop
  endfacet
  facet normal -0.99518473 0.09801714 0.00000000
    outer loop
      vertex 33.31925645 8.57785548 3.00000000
      vertex 33.35000000 8.89000000 8.00000000
      vertex 33.35000000 8.89000000 3.00000000
    endloop
  endfacet
  facet normal -0.99518473 0.09801714 0.00000000
    outer loop
      vertex 33.31925645 8.57785548 3.00000000
      vertex 33.31925645 8.57785548 8.00000000
      vertex 33.35000000 8.89000000 8.00000000
    endloop
  endfacet
  facet normal 0.00000000 -0.00000000 1.00000000
    outer loop
      vertex 35.18274848 8.20718387 8.00000000
      vertex 35.25000000 8.89000000 8.00000000
      vertex 33.35000000 8.89000000 8.00000000
    endloop
  endfacet
  facet normal 0.00000000 0.00000000 1.00000000
    outer loop
      vertex 35.18274848 8.20718387 8.00000000
      vertex 33.35000000 8.89000000 8.00000000
      vertex 33.31925645 8.57785548 8.00000000
    endloop
  endfacet
  facet normal 0.00000000 0.00000000 -1.00000000
    outer loop
      vertex 35.18274848 8.20718387 3.00000000
      vertex 33.35000000 8.89000000 3.00000000
      vertex 35.25000000 8.89000000 3.00000000
    endloop
  endfacet
  facet normal 0.00000000 0.00000000 -1.00000000
    outer loop
      vertex 35.18274848 8.20718387 3.00000000
      vertex 33.31925645 8.57785548 3.00000000
      vertex 33.35000000 8.89000000 3.00000000
    endloop
  endfacet
  facet normal 0.99518473 0.09801714 0.00000000
    outer loop
      vertex 35.25000000 -19.05000000 3.00000000
      vertex 35.18274848 -18.36718387 3.00000000
      vertex 35.18274848 -18.36718387 8.00000000
    endloop
  endfacet
  facet normal 0.99518473 0.09801714 -0.00000000
    outer loop
      vertex 35.25000000 -19.05000000 3.00000000
      vertex 35.18274848 -18.36718387 8.00000000
      vertex 35.25000000 -19.05000000 8.00000000
    endloop
  endfacet
  facet normal -0.99518473 -0.09801714 0.00000000
    outer loop
      vertex 33.35000000 -19.05000000 3.00000000
      vertex 33.31925645 -18.73785548 8.00000000
      vertex 33.31925645 -18.73785548 3.00000000
    endloop
  endfacet
  facet normal -0.99518473 -0.09801714 0.00000000
    outer loop
      vertex 33.35000000 -19.05000000 3.00000000
      vertex 33.35000000 -19.05000000 8.00000000
      vertex 33.31925645 -18.73785548 8.00000000
    endloop
  endfacet
  facet normal 0.00000000 0.00000000 1.00000000
    outer loop
      vertex 35.25000000 -19.05000000 8.00000000
      vertex 35.18274848 -18.36718387 8.00000000
      vertex 33.31925645 -18.73785548 8.00000000
    endloop
  endfacet
  facet normal 0.00000000 0.00000000 1.00000000
    outer loop
      vertex 35.25000000 -19.05000000 8.00000000
      vertex 33.31925645 -18.73785548 8.00000000
      vertex 33.35000000 -19.05000000 8.00000000
    endloop
  endfacet
  facet normal 0.00000000 0.00000000 -1.00000000
    outer loop
      vertex 35.25000000 -19.05000000 3.00000000
      vertex 33.31925645 -18.73785548 3.00000000
      vertex 35.18274848 -18.36718387 3.00000000
    endloop
  endfacet
  facet normal 0.00000000 0.00000000 -1.00000000
    outer loop
      vertex 35.25000000 -19.05000000 3.00000000
      vertex 33.35000000 -19.05000000 3.00000000
      vertex 33.31925645 -18.73785548 3.00000000
    endloop
  endfacet
  facet normal 0.95694034 0.29028468 0.00000000
    outer loop
      vertex 35.18274848 -18.36718387 3.00000000
      vertex 34.98357836 -17.71060799 3.00000000
      vertex 34.98357836 -17.71060799 8.00000000
    endloop
  endfacet
  facet normal 0.95694034 0.29028468 -0.00000000
    outer loop
      vertex 35.18274848 -18.36718387 3.00000000
      vertex 34.98357836 -17.71060799 8.00000000
      vertex 35.18274848 -18.36718387 8.00000000
    endloop
  endfacet
  facet normal -0.95694034 -0.29028468 0.00000000
    outer loop
      vertex 33.31925645 -18.73785548 3.00000000
      vertex 33.22820725 -18.43770651 8.00000000
      vertex 33.22820725 -18.43770651 3.00000000
    endloop
  endfacet
  facet normal -0.95694034 -0.29028468 0.00000000
    outer loop
      vertex 33.31925645 -18.73785548 3.00000000
      vertex 33.31925645 -18.73785548 8.00000000
      vertex 33.22820725 -18.43770651 8.00000000
    endloop
  endfacet
  facet normal 0.00000000 0.00000000 1.00000000
    outer loop
      vertex 35.18274848 -18.36718387 8.00000000
      vertex 34.98357836 -17.71060799 8.00000000
      vertex 33.22820725 -18.43770651 8.00000000
    endloop
  endfacet
  facet normal 0.00000000 0.00000000 1.00000000
    outer loop
      vertex 35.18274848 -18.36718387 8.00000000
      vertex 33.22820725 -18.43770651 8.00000000
      vertex 33.31925645 -18.73785548 8.00000000
    endloop
  endfacet
  facet normal -0.00000000 0.00000000 -1.00000000
    outer loop
      vertex 35.18274848 -18.36718387 3.00000000
      vertex 33.22820725 -18.43770651 3.00000000
      vertex 34.98357836 -17.71060799 3.00000000
    endloop
  endfacet
  facet normal 0.00000000 0.00000000 -1.00000000
    outer loop
      vertex 35.18274848 -18.36718387 3.00000000
      vertex 33.31925645 -18.73785548 3.00000000
      vertex 33.22820725 -18.43770651 3.00000000
    endloop
  endfacet
  facet normal 0.88192126 0.47139674 0.00000000
    outer loop
      vertex 34.98357836 -17.71060799 3.00000000
      vertex 34.66014364 -17.10550418 3.00000000
      vertex 34.66014364 -17.10550418 8.00000000
    endloop
  endfacet
  facet normal 0.88192126 0.47139674 -0.00000000
    outer loop
      vertex 34.98357836 -17.71060799 3.00000000
      vertex 34.66014364 -17.10550418 8.00000000
      vertex 34.98357836 -17.71060799 8.00000000
    endloop
  endfacet
  facet normal -0.88192126 -0.47139674 0.00000000
    outer loop
      vertex 33.22820725 -18.43770651 3.00000000
      vertex 33.08035138 -18.16108763 8.00000000
      vertex 33.08035138 -18.16108763 3.00000000
    endloop
  endfacet
  facet normal -0.88192126 -0.47139674 0.00000000
    outer loop
      vertex 33.22820725 -18.43770651 3.00000000
      vertex 33.22820725 -18.43770651 8.00000000
      vertex 33.08035138 -18.16108763 8.00000000
    endloop
  endfacet
  facet normal 0.00000000 0.00000000 1.00000000
    outer loop
      vertex 34.98357836 -17.71060799 8.00000000
      vertex 34.66014364 -17.10550418 8.00000000
      vertex 33.08035138 -18.16108763 8.00000000
    endloop
  endfacet
  facet normal 0.00000000 0.00000000 1.00000000
    outer loop
      vertex 34.98357836 -17.71060799 8.00000000
      vertex 33.08035138 -18.16108763 8.00000000
      vertex 33.22820725 -18.43770651 8.00000000
    endloop
  endfacet
  facet normal -0.00000000 0.00000000 -1.00000000
    outer loop
      vertex 34.98357836 -17.71060799 3.00000000
      vertex 33.08035138 -18.16108763 3.00000000
      vertex 34.66014364 -17.10550418 3.00000000
    endloop
  endfacet
  facet normal 0.00000000 0.00000000 -1.00000000
    outer loop
      vertex 34.98357836 -17.71060799 3.00000000
      vertex 33.22820725 -18.43770651 3.00000000
      vertex 33.08035138 -18.16108763 3.00000000
    endloop
  endfacet
  facet normal 0.77301045 0.63439328 0.00000000
    outer loop
      vertex 34.66014364 -17.10550418 3.00000000
      vertex 34.22487373 -16.57512627 3.00000000
      vertex 34.22487373 -16.57512627 8.00000000
    endloop
  endfacet
  facet normal 0.77301045 0.63439328 -0.00000000
    outer loop
      vertex 34.66014364 -17.10550418 3.00000000
      vertex 34.22487373 -16.57512627 8.00000000
      vertex 34.66014364 -17.10550418 8.00000000
    endloop
  endfacet
  facet normal -0.77301045 -0.63439328 0.00000000
    outer loop
      vertex 33.08035138 -18.16108763 3.00000000
      vertex 32.88137085 -17.91862915 8.00000000
      vertex 32.88137085 -17.91862915 3.00000000
    endloop
  endfacet
  facet normal -0.77301045 -0.63439328 0.00000000
    outer loop
      vertex 33.08035138 -18.16108763 3.00000000
      vertex 33.08035138 -18.16108763 8.00000000
      vertex 32.88137085 -17.91862915 8.00000000
    endloop
  endfacet
  facet normal 0.00000000 0.00000000 1.00000000
    outer loop
      vertex 34.66014364 -17.10550418 8.00000000
      vertex 34.22487373 -16.57512627 8.00000000
      vertex 32.88137085 -17.91862915 8.00000000
    endloop
  endfacet
  facet normal 0.00000000 0.00000000 1.00000000
    outer loop
      vertex 34.66014364 -17.10550418 8.00000000
      vertex 32.88137085 -17.91862915 8.00000000
      vertex 33.08035138 -18.16108763 8.00000000
    endloop
  endfacet
  facet normal -0.00000000 0.00000000 -1.00000000
    outer loop
      vertex 34.66014364 -17.10550418 3.00000000
      vertex 32.88137085 -17.91862915 3.00000000
      vertex 34.22487373 -16.57512627 3.00000000
    endloop
  endfacet
  facet normal 0.00000000 0.00000000 -1.00000000
    outer loop
      vertex 34.66014364 -17.10550418 3.00000000
      vertex 33.08035138 -18.16108763 3.00000000
      vertex 32.88137085 -17.91862915 3.00000000
    endloop
  endfacet
  facet normal 0.63439328 0.77301045 0.00000000
    outer loop
      vertex 34.22487373 -16.57512627 3.00000000
      vertex 33.69449582 -16.13985636 3.00000000
      vertex 33.69449582 -16.13985636 8.00000000
    endloop
  endfacet
  facet normal 0.63439328 0.77301045 -0.00000000
    outer loop
      vertex 34.22487373 -16.57512627 3.00000000
      vertex 33.69449582 -16.13985636 8.00000000
      vertex 34.22487373 -16.57512627 8.00000000
    endloop
  endfacet
  facet normal -0.63439328 -0.77301045 0.00000000
    outer loop
      vertex 32.88137085 -17.91862915 3.00000000
      vertex 32.63891237 -17.71964862 8.00000000
      vertex 32.63891237 -17.71964862 3.00000000
    endloop
  endfacet
  facet normal -0.63439328 -0.77301045 0.00000000
    outer loop
      vertex 32.88137085 -17.91862915 3.00000000
      vertex 32.88137085 -17.91862915 8.00000000
      vertex 32.63891237 -17.71964862 8.00000000
    endloop
  endfacet
  facet normal 0.00000000 0.00000000 1.00000000
    outer loop
      vertex 34.22487373 -16.57512627 8.00000000
      vertex 33.69449582 -16.13985636 8.00000000
      vertex 32.63891237 -17.71964862 8.00000000
    endloop
  endfacet
  facet normal 0.00000000 0.00000000 1.00000000
    outer loop
      vertex 34.22487373 -16.57512627 8.00000000
      vertex 32.63891237 -17.71964862 8.00000000
      vertex 32.88137085 -17.91862915 8.00000000
    endloop
  endfacet
  facet normal -0.00000000 0.00000000 -1.00000000
    outer loop
      vertex 34.22487373 -16.57512627 3.00000000
      vertex 32.63891237 -17.71964862 3.00000000
      vertex 33.69449582 -16.13985636 3.00000000
    endloop
  endfacet
  facet normal 0.00000000 0.00000000 -1.00000000
    outer loop
      vertex 34.22487373 -16.57512627 3.00000000
      vertex 32.88137085 -17.91862915 3.00000000
      vertex 32.63891237 -17.71964862 3.00000000
    endloop
  endfacet
  facet normal 0.47139674 0.88192126 0.00000000
    outer loop
      vertex 33.69449582 -16.13985636 3.00000000
      vertex 33.08939201 -15.81642164 3.00000000
      vertex 33.08939201 -15.81642164 8.00000000
    endloop
  endfacet
  facet normal 0.47139674 0.88192126 -0.00000000
    outer loop
      vertex 33.69449582 -16.13985636 3.00000000
      vertex 33.08939201 -15.81642164 8.00000000
      vertex 33.69449582 -16.13985636 8.00000000
    endloop
  endfacet
  facet normal -0.47139674 -0.88192126 0.00000000
    outer loop
      vertex 32.63891237 -17.71964862 3.00000000
      vertex 32.36229349 -17.57179275 8.00000000
      vertex 32.36229349 -17.57179275 3.00000000
    endloop
  endfacet
  facet normal -0.47139674 -0.88192126 0.00000000
    outer loop
      vertex 32.63891237 -17.71964862 3.00000000
      vertex 32.63891237 -17.71964862 8.00000000
      vertex 32.36229349 -17.57179275 8.00000000
    endloop
  endfacet
  facet normal 0.00000000 0.00000000 1.00000000
    outer loop
      vertex 33.69449582 -16.13985636 8.00000000
      vertex 33.08939201 -15.81642164 8.00000000
      vertex 32.36229349 -17.57179275 8.00000000
    endloop
  endfacet
  facet normal 0.00000000 0.00000000 1.00000000
    outer loop
      vertex 33.69449582 -16.13985636 8.00000000
      vertex 32.36229349 -17.57179275 8.00000000
      vertex 32.63891237 -17.71964862 8.00000000
    endloop
  endfacet
  facet normal -0.00000000 0.00000000 -1.00000000
    outer loop
      vertex 33.69449582 -16.13985636 3.00000000
      vertex 32.36229349 -17.57179275 3.00000000
      vertex 33.08939201 -15.81642164 3.00000000
    endloop
  endfacet
  facet normal 0.00000000 0.00000000 -1.00000000
    outer loop
      vertex 33.69449582 -16.13985636 3.00000000
      vertex 32.63891237 -17.71964862 3.00000000
      vertex 32.36229349 -17.57179275 3.00000000
    endloop
  endfacet
  facet normal 0.29028468 0.95694034 0.00000000
    outer loop
      vertex 33.08939201 -15.81642164 3.00000000
      vertex 32.43281613 -15.61725152 3.00000000
      vertex 32.43281613 -15.61725152 8.00000000
    endloop
  endfacet
  facet normal 0.29028468 0.95694034 -0.00000000
    outer loop
      vertex 33.08939201 -15.81642164 3.00000000
      vertex 32.43281613 -15.61725152 8.00000000
      vertex 33.08939201 -15.81642164 8.00000000
    endloop
  endfacet
  facet normal -0.29028468 -0.95694034 0.00000000
    outer loop
      vertex 32.36229349 -17.57179275 3.00000000
      vertex 32.06214452 -17.48074355 8.00000000
      vertex 32.06214452 -17.48074355 3.00000000
    endloop
  endfacet
  facet normal -0.29028468 -0.95694034 0.00000000
    outer loop
      vertex 32.36229349 -17.57179275 3.00000000
      vertex 32.36229349 -17.57179275 8.00000000
      vertex 32.06214452 -17.48074355 8.00000000
    endloop
  endfacet
  facet normal 0.00000000 0.00000000 1.00000000
    outer loop
      vertex 33.08939201 -15.81642164 8.00000000
      vertex 32.43281613 -15.61725152 8.00000000
      vertex 32.06214452 -17.48074355 8.00000000
    endloop
  endfacet
  facet normal 0.00000000 0.00000000 1.00000000
    outer loop
      vertex 33.08939201 -15.81642164 8.00000000
      vertex 32.06214452 -17.48074355 8.00000000
      vertex 32.36229349 -17.57179275 8.00000000
    endloop
  endfacet
  facet normal -0.00000000 0.00000000 -1.00000000
    outer loop
      vertex 33.08939201 -15.81642164 3.00000000
      vertex 32.06214452 -17.48074355 3.00000000
      vertex 32.43281613 -15.61725152 3.00000000
    endloop
  endfacet
  facet normal 0.00000000 0.00000000 -1.00000000
    outer loop
      vertex 33.08939201 -15.81642164 3.00000000
      vertex 32.36229349 -17.57179275 3.00000000
      vertex 32.06214452 -17.48074355 3.00000000
    endloop
  endfacet
  facet normal 0.09801714 0.99518473 0.00000000
    outer loop
      vertex 32.43281613 -15.61725152 3.00000000
      vertex 31.75000000 -15.55000000 3.00000000
      vertex 31.75000000 -15.55000000 8.00000000
    endloop
  endfacet
  facet normal 0.09801714 0.99518473 -0.00000000
    outer loop
      vertex 32.43281613 -15.61725152 3.00000000
      vertex 31.75000000 -15.55000000 8.00000000
      vertex 32.43281613 -15.61725152 8.00000000
    endloop
  endfacet
  facet normal -0.09801714 -0.99518473 0.00000000
    outer loop
      vertex 32.06214452 -17.48074355 3.00000000
      vertex 31.75000000 -17.45000000 8.00000000
      vertex 31.75000000 -17.45000000 3.00000000
    endloop
  endfacet
  facet normal -0.09801714 -0.99518473 0.00000000
    outer loop
      vertex 32.06214452 -17.48074355 3.00000000
      vertex 32.06214452 -17.48074355 8.00000000
      vertex 31.75000000 -17.45000000 8.00000000
    endloop
  endfacet
  facet normal 0.00000000 0.00000000 1.00000000
    outer loop
      vertex 32.43281613 -15.61725152 8.00000000
      vertex 31.75000000 -15.55000000 8.00000000
      vertex 31.75000000 -17.45000000 8.00000000
    endloop
  endfacet
  facet normal 0.00000000 0.00000000 1.00000000
    outer loop
      vertex 32.43281613 -15.61725152 8.00000000
      vertex 31.75000000 -17.45000000 8.00000000
      vertex 32.06214452 -17.48074355 8.00000000
    endloop
  endfacet
  facet normal -0.00000000 0.00000000 -1.00000000
    outer loop
      vertex 32.43281613 -15.61725152 3.00000000
      vertex 31.75000000 -17.45000000 3.00000000
      vertex 31.75000000 -15.55000000 3.00000000
    endloop
  endfacet
  facet normal 0.00000000 0.00000000 -1.00000000
    outer loop
      vertex 32.43281613 -15.61725152 3.00000000
      vertex 32.06214452 -17.48074355 3.00000000
      vertex 31.75000000 -17.45000000 3.00000000
    endloop
  endfacet
  facet normal -0.09801714 0.99518473 0.00000000
    outer loop
      vertex 31.75000000 -15.55000000 3.00000000
      vertex 31.06718387 -15.61725152 3.00000000
      vertex 31.06718387 -15.61725152 8.00000000
    endloop
  endfacet
  facet normal -0.09801714 0.99518473 0.00000000
    outer loop
      vertex 31.75000000 -15.55000000 3.00000000
      vertex 31.06718387 -15.61725152 8.00000000
      vertex 31.75000000 -15.55000000 8.00000000
    endloop
  endfacet
  facet normal 0.09801714 -0.99518473 0.00000000
    outer loop
      vertex 31.75000000 -17.45000000 3.00000000
      vertex 31.43785548 -17.48074355 8.00000000
      vertex 31.43785548 -17.48074355 3.00000000
    endloop
  endfacet
  facet normal 0.09801714 -0.99518473 0.00000000
    outer loop
      vertex 31.75000000 -17.45000000 3.00000000
      vertex 31.75000000 -17.45000000 8.00000000
      vertex 31.43785548 -17.48074355 8.00000000
    endloop
  endfacet
  facet normal 0.00000000 0.00000000 1.00000000
    outer loop
      vertex 31.75000000 -15.55000000 8.00000000
      vertex 31.06718387 -15.61725152 8.00000000
      vertex 31.43785548 -17.48074355 8.00000000
    endloop
  endfacet
  facet normal 0.00000000 0.00000000 1.00000000
    outer loop
      vertex 31.75000000 -15.55000000 8.00000000
      vertex 31.43785548 -17.48074355 8.00000000
      vertex 31.75000000 -17.45000000 8.00000000
    endloop
  endfacet
  facet normal 0.00000000 0.00000000 -1.00000000
    outer loop
      vertex 31.75000000 -15.55000000 3.00000000
      vertex 31.43785548 -17.48074355 3.00000000
      vertex 31.06718387 -15.61725152 3.00000000
    endloop
  endfacet
  facet normal 0.00000000 -0.00000000 -1.00000000
    outer loop
      vertex 31.75000000 -15.55000000 3.00000000
      vertex 31.75000000 -17.45000000 3.00000000
      vertex 31.43785548 -17.48074355 3.00000000
    endloop
  endfacet
  facet normal -0.29028468 0.95694034 0.00000000
    outer loop
      vertex 31.06718387 -15.61725152 3.00000000
      vertex 30.41060799 -15.81642164 3.00000000
      vertex 30.41060799 -15.81642164 8.00000000
    endloop
  endfacet
  facet normal -0.29028468 0.95694034 0.00000000
    outer loop
      vertex 31.06718387 -15.61725152 3.00000000
      vertex 30.41060799 -15.81642164 8.00000000
      vertex 31.06718387 -15.61725152 8.00000000
    endloop
  endfacet
  facet normal 0.29028468 -0.95694034 0.00000000
    outer loop
      vertex 31.43785548 -17.48074355 3.00000000
      vertex 31.13770651 -17.57179275 8.00000000
      vertex 31.13770651 -17.57179275 3.00000000
    endloop
  endfacet
  facet normal 0.29028468 -0.95694034 0.00000000
    outer loop
      vertex 31.43785548 -17.48074355 3.00000000
      vertex 31.43785548 -17.48074355 8.00000000
      vertex 31.13770651 -17.57179275 8.00000000
    endloop
  endfacet
  facet normal 0.00000000 0.00000000 1.00000000
    outer loop
      vertex 31.06718387 -15.61725152 8.00000000
      vertex 30.41060799 -15.81642164 8.00000000
      vertex 31.13770651 -17.57179275 8.00000000
    endloop
  endfacet
  facet normal 0.00000000 0.00000000 1.00000000
    outer loop
      vertex 31.06718387 -15.61725152 8.00000000
      vertex 31.13770651 -17.57179275 8.00000000
      vertex 31.43785548 -17.48074355 8.00000000
    endloop
  endfacet
  facet normal 0.00000000 -0.00000000 -1.00000000
    outer loop
      vertex 31.06718387 -15.61725152 3.00000000
      vertex 31.13770651 -17.57179275 3.00000000
      vertex 30.41060799 -15.81642164 3.00000000
    endloop
  endfacet
  facet normal 0.00000000 0.00000000 -1.00000000
    outer loop
      vertex 31.06718387 -15.61725152 3.00000000
      vertex 31.43785548 -17.48074355 3.00000000
      vertex 31.13770651 -17.57179275 3.00000000
    endloop
  endfacet
  facet normal -0.47139674 0.88192126 0.00000000
    outer loop
      vertex 30.41060799 -15.81642164 3.00000000
      vertex 29.80550418 -16.13985636 3.00000000
      vertex 29.80550418 -16.13985636 8.00000000
    endloop
  endfacet
  facet normal -0.47139674 0.88192126 0.00000000
    outer loop
      vertex 30.41060799 -15.81642164 3.00000000
      vertex 29.80550418 -16.13985636 8.00000000
      vertex 30.41060799 -15.81642164 8.00000000
    endloop
  endfacet
  facet normal 0.47139674 -0.88192126 0.00000000
    outer loop
      vertex 31.13770651 -17.57179275 3.00000000
      vertex 30.86108763 -17.71964862 8.00000000
      vertex 30.86108763 -17.71964862 3.00000000
    endloop
  endfacet
  facet normal 0.47139674 -0.88192126 0.00000000
    outer loop
      vertex 31.13770651 -17.57179275 3.00000000
      vertex 31.13770651 -17.57179275 8.00000000
      vertex 30.86108763 -17.71964862 8.00000000
    endloop
  endfacet
  facet normal 0.00000000 0.00000000 1.00000000
    outer loop
      vertex 30.41060799 -15.81642164 8.00000000
      vertex 29.80550418 -16.13985636 8.00000000
      vertex 30.86108763 -17.71964862 8.00000000
    endloop
  endfacet
  facet normal 0.00000000 0.00000000 1.00000000
    outer loop
      vertex 30.41060799 -15.81642164 8.00000000
      vertex 30.86108763 -17.71964862 8.00000000
      vertex 31.13770651 -17.57179275 8.00000000
    endloop
  endfacet
  facet normal 0.00000000 -0.00000000 -1.00000000
    outer loop
      vertex 30.41060799 -15.81642164 3.00000000
      vertex 30.86108763 -17.71964862 3.00000000
      vertex 29.80550418 -16.13985636 3.00000000
    endloop
  endfacet
  facet normal 0.00000000 0.00000000 -1.00000000
    outer loop
      vertex 30.41060799 -15.81642164 3.00000000
      vertex 31.13770651 -17.57179275 3.00000000
      vertex 30.86108763 -17.71964862 3.00000000
    endloop
  endfacet
  facet normal -0.63439328 0.77301045 0.00000000
    outer loop
      vertex 29.80550418 -16.13985636 3.00000000
      vertex 29.27512627 -16.57512627 3.00000000
      vertex 29.27512627 -16.57512627 8.00000000
    endloop
  endfacet
  facet normal -0.63439328 0.77301045 0.00000000
    outer loop
      vertex 29.80550418 -16.13985636 3.00000000
      vertex 29.27512627 -16.57512627 8.00000000
      vertex 29.80550418 -16.13985636 8.00000000
    endloop
  endfacet
  facet normal 0.63439328 -0.77301045 0.00000000
    outer loop
      vertex 30.86108763 -17.71964862 3.00000000
      vertex 30.61862915 -17.91862915 8.00000000
      vertex 30.61862915 -17.91862915 3.00000000
    endloop
  endfacet
  facet normal 0.63439328 -0.77301045 0.00000000
    outer loop
      vertex 30.86108763 -17.71964862 3.00000000
      vertex 30.86108763 -17.71964862 8.00000000
      vertex 30.61862915 -17.91862915 8.00000000
    endloop
  endfacet
  facet normal 0.00000000 0.00000000 1.00000000
    outer loop
      vertex 29.80550418 -16.13985636 8.00000000
      vertex 29.27512627 -16.57512627 8.00000000
      vertex 30.61862915 -17.91862915 8.00000000
    endloop
  endfacet
  facet normal 0.00000000 0.00000000 1.00000000
    outer loop
      vertex 29.80550418 -16.13985636 8.00000000
      vertex 30.61862915 -17.91862915 8.00000000
      vertex 30.86108763 -17.71964862 8.00000000
    endloop
  endfacet
  facet normal 0.00000000 -0.00000000 -1.00000000
    outer loop
      vertex 29.80550418 -16.13985636 3.00000000
      vertex 30.61862915 -17.91862915 3.00000000
      vertex 29.27512627 -16.57512627 3.00000000
    endloop
  endfacet
  facet normal 0.00000000 0.00000000 -1.00000000
    outer loop
      vertex 29.80550418 -16.13985636 3.00000000
      vertex 30.86108763 -17.71964862 3.00000000
      vertex 30.61862915 -17.91862915 3.00000000
    endloop
  endfacet
  facet normal -0.77301045 0.63439328 0.00000000
    outer loop
      vertex 29.27512627 -16.57512627 3.00000000
      vertex 28.83985636 -17.10550418 3.00000000
      vertex 28.83985636 -17.10550418 8.00000000
    endloop
  endfacet
  facet normal -0.77301045 0.63439328 0.00000000
    outer loop
      vertex 29.27512627 -16.57512627 3.00000000
      vertex 28.83985636 -17.10550418 8.00000000
      vertex 29.27512627 -16.57512627 8.00000000
    endloop
  endfacet
  facet normal 0.77301045 -0.63439328 0.00000000
    outer loop
      vertex 30.61862915 -17.91862915 3.00000000
      vertex 30.41964862 -18.16108763 8.00000000
      vertex 30.41964862 -18.16108763 3.00000000
    endloop
  endfacet
  facet normal 0.77301045 -0.63439328 0.00000000
    outer loop
      vertex 30.61862915 -17.91862915 3.00000000
      vertex 30.61862915 -17.91862915 8.00000000
      vertex 30.41964862 -18.16108763 8.00000000
    endloop
  endfacet
  facet normal 0.00000000 0.00000000 1.00000000
    outer loop
      vertex 29.27512627 -16.57512627 8.00000000
      vertex 28.83985636 -17.10550418 8.00000000
      vertex 30.41964862 -18.16108763 8.00000000
    endloop
  endfacet
  facet normal 0.00000000 0.00000000 1.00000000
    outer loop
      vertex 29.27512627 -16.57512627 8.00000000
      vertex 30.41964862 -18.16108763 8.00000000
      vertex 30.61862915 -17.91862915 8.00000000
    endloop
  endfacet
  facet normal 0.00000000 -0.00000000 -1.00000000
    outer loop
      vertex 29.27512627 -16.57512627 3.00000000
      vertex 30.41964862 -18.16108763 3.00000000
      vertex 28.83985636 -17.10550418 3.00000000
    endloop
  endfacet
  facet normal 0.00000000 0.00000000 -1.00000000
    outer loop
      vertex 29.27512627 -16.57512627 3.00000000
      vertex 30.61862915 -17.91862915 3.00000000
      vertex 30.41964862 -18.16108763 3.00000000
    endloop
  endfacet
  facet normal -0.88192126 0.47139674 0.00000000
    outer loop
      vertex 28.83985636 -17.10550418 3.00000000
      vertex 28.51642164 -17.71060799 3.00000000
      vertex 28.51642164 -17.71060799 8.00000000
    endloop
  endfacet
  facet normal -0.88192126 0.47139674 0.00000000
    outer loop
      vertex 28.83985636 -17.10550418 3.00000000
      vertex 28.51642164 -17.71060799 8.00000000
      vertex 28.83985636 -17.10550418 8.00000000
    endloop
  endfacet
  facet normal 0.88192126 -0.47139674 0.00000000
    outer loop
      vertex 30.41964862 -18.16108763 3.00000000
      vertex 30.27179275 -18.43770651 8.00000000
      vertex 30.27179275 -18.43770651 3.00000000
    endloop
  endfacet
  facet normal 0.88192126 -0.47139674 0.00000000
    outer loop
      vertex 30.41964862 -18.16108763 3.00000000
      vertex 30.41964862 -18.16108763 8.00000000
      vertex 30.27179275 -18.43770651 8.00000000
    endloop
  endfacet
  facet normal 0.00000000 0.00000000 1.00000000
    outer loop
      vertex 28.83985636 -17.10550418 8.00000000
      vertex 28.51642164 -17.71060799 8.00000000
      vertex 30.27179275 -18.43770651 8.00000000
    endloop
  endfacet
  facet normal 0.00000000 0.00000000 1.00000000
    outer loop
      vertex 28.83985636 -17.10550418 8.00000000
      vertex 30.27179275 -18.43770651 8.00000000
      vertex 30.41964862 -18.16108763 8.00000000
    endloop
  endfacet
  facet normal 0.00000000 -0.00000000 -1.00000000
    outer loop
      vertex 28.83985636 -17.10550418 3.00000000
      vertex 30.27179275 -18.43770651 3.00000000
      vertex 28.51642164 -17.71060799 3.00000000
    endloop
  endfacet
  facet normal 0.00000000 0.00000000 -1.00000000
    outer loop
      vertex 28.83985636 -17.10550418 3.00000000
      vertex 30.41964862 -18.16108763 3.00000000
      vertex 30.27179275 -18.43770651 3.00000000
    endloop
  endfacet
  facet normal -0.95694034 0.29028468 0.00000000
    outer loop
      vertex 28.51642164 -17.71060799 3.00000000
      vertex 28.31725152 -18.36718387 3.00000000
      vertex 28.31725152 -18.36718387 8.00000000
    endloop
  endfacet
  facet normal -0.95694034 0.29028468 0.00000000
    outer loop
      vertex 28.51642164 -17.71060799 3.00000000
      vertex 28.31725152 -18.36718387 8.00000000
      vertex 28.51642164 -17.71060799 8.00000000
    endloop
  endfacet
  facet normal 0.95694034 -0.29028468 0.00000000
    outer loop
      vertex 30.27179275 -18.43770651 3.00000000
      vertex 30.18074355 -18.73785548 8.00000000
      vertex 30.18074355 -18.73785548 3.00000000
    endloop
  endfacet
  facet normal 0.95694034 -0.29028468 0.00000000
    outer loop
      vertex 30.27179275 -18.43770651 3.00000000
      vertex 30.27179275 -18.43770651 8.00000000
      vertex 30.18074355 -18.73785548 8.00000000
    endloop
  endfacet
  facet normal 0.00000000 0.00000000 1.00000000
    outer loop
      vertex 28.51642164 -17.71060799 8.00000000
      vertex 28.31725152 -18.36718387 8.00000000
      vertex 30.18074355 -18.73785548 8.00000000
    endloop
  endfacet
  facet normal 0.00000000 0.00000000 1.00000000
    outer loop
      vertex 28.51642164 -17.71060799 8.00000000
      vertex 30.18074355 -18.73785548 8.00000000
      vertex 30.27179275 -18.43770651 8.00000000
    endloop
  endfacet
  facet normal 0.00000000 -0.00000000 -1.00000000
    outer loop
      vertex 28.51642164 -17.71060799 3.00000000
      vertex 30.18074355 -18.73785548 3.00000000
      vertex 28.31725152 -18.36718387 3.00000000
    endloop
  endfacet
  facet normal 0.00000000 0.00000000 -1.00000000
    outer loop
      vertex 28.51642164 -17.71060799 3.00000000
      vertex 30.27179275 -18.43770651 3.00000000
      vertex 30.18074355 -18.73785548 3.00000000
    endloop
  endfacet
  facet normal -0.99518473 0.09801714 0.00000000
    outer loop
      vertex 28.31725152 -18.36718387 3.00000000
      vertex 28.25000000 -19.05000000 3.00000000
      vertex 28.25000000 -19.05000000 8.00000000
    endloop
  endfacet
  facet normal -0.99518473 0.09801714 0.00000000
    outer loop
      vertex 28.31725152 -18.36718387 3.00000000
      vertex 28.25000000 -19.05000000 8.00000000
      vertex 28.31725152 -18.36718387 8.00000000
    endloop
  endfacet
  facet normal 0.99518473 -0.09801714 0.00000000
    outer loop
      vertex 30.18074355 -18.73785548 3.00000000
      vertex 30.15000000 -19.05000000 8.00000000
      vertex 30.15000000 -19.05000000 3.00000000
    endloop
  endfacet
  facet normal 0.99518473 -0.09801714 0.00000000
    outer loop
      vertex 30.18074355 -18.73785548 3.00000000
      vertex 30.18074355 -18.73785548 8.00000000
      vertex 30.15000000 -19.05000000 8.00000000
    endloop
  endfacet
  facet normal 0.00000000 0.00000000 1.00000000
    outer loop
      vertex 28.31725152 -18.36718387 8.00000000
      vertex 28.25000000 -19.05000000 8.00000000
      vertex 30.15000000 -19.05000000 8.00000000
    endloop
  endfacet
  facet normal 0.00000000 0.00000000 1.00000000
    outer loop
      vertex 28.31725152 -18.36718387 8.00000000
      vertex 30.15000000 -19.05000000 8.00000000
      vertex 30.18074355 -18.73785548 8.00000000
    endloop
  endfacet
  facet normal 0.00000000 -0.00000000 -1.00000000
    outer loop
      vertex 28.31725152 -18.36718387 3.00000000
      vertex 30.15000000 -19.05000000 3.00000000
      vertex 28.25000000 -19.05000000 3.00000000
    endloop
  endfacet
  facet normal 0.00000000 0.00000000 -1.00000000
    outer loop
      vertex 28.31725152 -18.36718387 3.00000000
      vertex 30.18074355 -18.73785548 3.00000000
      vertex 30.15000000 -19.05000000 3.00000000
    endloop
  endfacet
  facet normal -0.99518473 -0.09801714 0.00000000
    outer loop
      vertex 28.25000000 -19.05000000 3.00000000
      vertex 28.31725152 -19.73281613 3.00000000
      vertex 28.31725152 -19.73281613 8.00000000
    endloop
  endfacet
  facet normal -0.99518473 -0.09801714 0.00000000
    outer loop
      vertex 28.25000000 -19.05000000 3.00000000
      vertex 28.31725152 -19.73281613 8.00000000
      vertex 28.25000000 -19.05000000 8.00000000
    endloop
  endfacet
  facet normal 0.99518473 0.09801714 0.00000000
    outer loop
      vertex 30.15000000 -19.05000000 3.00000000
      vertex 30.18074355 -19.36214452 8.00000000
      vertex 30.18074355 -19.36214452 3.00000000
    endloop
  endfacet
  facet normal 0.99518473 0.09801714 -0.00000000
    outer loop
      vertex 30.15000000 -19.05000000 3.00000000
      vertex 30.15000000 -19.05000000 8.00000000
      vertex 30.18074355 -19.36214452 8.00000000
    endloop
  endfacet
  facet normal 0.00000000 0.00000000 1.00000000
    outer loop
      vertex 28.25000000 -19.05000000 8.00000000
      vertex 28.31725152 -19.73281613 8.00000000
      vertex 30.18074355 -19.36214452 8.00000000
    endloop
  endfacet
  facet normal -0.00000000 0.00000000 1.00000000
    outer loop
      vertex 28.25000000 -19.05000000 8.00000000
      vertex 30.18074355 -19.36214452 8.00000000
      vertex 30.15000000 -19.05000000 8.00000000
    endloop
  endfacet
  facet normal 0.00000000 0.00000000 -1.00000000
    outer loop
      vertex 28.25000000 -19.05000000 3.00000000
      vertex 30.18074355 -19.36214452 3.00000000
      vertex 28.31725152 -19.73281613 3.00000000
    endloop
  endfacet
  facet normal 0.00000000 0.00000000 -1.00000000
    outer loop
      vertex 28.25000000 -19.05000000 3.00000000
      vertex 30.15000000 -19.05000000 3.00000000
      vertex 30.18074355 -19.36214452 3.00000000
    endloop
  endfacet
  facet normal -0.95694034 -0.29028468 0.00000000
    outer loop
      vertex 28.31725152 -19.73281613 3.00000000
      vertex 28.51642164 -20.38939201 3.00000000
      vertex 28.51642164 -20.38939201 8.00000000
    endloop
  endfacet
  facet normal -0.95694034 -0.29028468 0.00000000
    outer loop
      vertex 28.31725152 -19.73281613 3.00000000
      vertex 28.51642164 -20.38939201 8.00000000
      vertex 28.31725152 -19.73281613 8.00000000
    endloop
  endfacet
  facet normal 0.95694034 0.29028468 0.00000000
    outer loop
      vertex 30.18074355 -19.36214452 3.00000000
      vertex 30.27179275 -19.66229349 8.00000000
      vertex 30.27179275 -19.66229349 3.00000000
    endloop
  endfacet
  facet normal 0.95694034 0.29028468 -0.00000000
    outer loop
      vertex 30.18074355 -19.36214452 3.00000000
      vertex 30.18074355 -19.36214452 8.00000000
      vertex 30.27179275 -19.66229349 8.00000000
    endloop
  endfacet
  facet normal -0.00000000 0.00000000 1.00000000
    outer loop
      vertex 28.31725152 -19.73281613 8.00000000
      vertex 28.51642164 -20.38939201 8.00000000
      vertex 30.27179275 -19.66229349 8.00000000
    endloop
  endfacet
  facet normal 0.00000000 0.00000000 1.00000000
    outer loop
      vertex 28.31725152 -19.73281613 8.00000000
      vertex 30.27179275 -19.66229349 8.00000000
      vertex 30.18074355 -19.36214452 8.00000000
    endloop
  endfacet
  facet normal 0.00000000 0.00000000 -1.00000000
    outer loop
      vertex 28.31725152 -19.73281613 3.00000000
      vertex 30.27179275 -19.66229349 3.00000000
      vertex 28.51642164 -20.38939201 3.00000000
    endloop
  endfacet
  facet normal 0.00000000 0.00000000 -1.00000000
    outer loop
      vertex 28.31725152 -19.73281613 3.00000000
      vertex 30.18074355 -19.36214452 3.00000000
      vertex 30.27179275 -19.66229349 3.00000000
    endloop
  endfacet
  facet normal -0.88192126 -0.47139674 0.00000000
    outer loop
      vertex 28.51642164 -20.38939201 3.00000000
      vertex 28.83985636 -20.99449582 3.00000000
      vertex 28.83985636 -20.99449582 8.00000000
    endloop
  endfacet
  facet normal -0.88192126 -0.47139674 0.00000000
    outer loop
      vertex 28.51642164 -20.38939201 3.00000000
      vertex 28.83985636 -20.99449582 8.00000000
      vertex 28.51642164 -20.38939201 8.00000000
    endloop
  endfacet
  facet normal 0.88192126 0.47139674 0.00000000
    outer loop
      vertex 30.27179275 -19.66229349 3.00000000
      vertex 30.41964862 -19.93891237 8.00000000
      vertex 30.41964862 -19.93891237 3.00000000
    endloop
  endfacet
  facet normal 0.88192126 0.47139674 -0.00000000
    outer loop
      vertex 30.27179275 -19.66229349 3.00000000
      vertex 30.27179275 -19.66229349 8.00000000
      vertex 30.41964862 -19.93891237 8.00000000
    endloop
  endfacet
  facet normal -0.00000000 0.00000000 1.00000000
    outer loop
      vertex 28.51642164 -20.38939201 8.00000000
      vertex 28.83985636 -20.99449582 8.00000000
      vertex 30.41964862 -19.93891237 8.00000000
    endloop
  endfacet
  facet normal 0.00000000 0.00000000 1.00000000
    outer loop
      vertex 28.51642164 -20.38939201 8.00000000
      vertex 30.41964862 -19.93891237 8.00000000
      vertex 30.27179275 -19.66229349 8.00000000
    endloop
  endfacet
  facet normal 0.00000000 0.00000000 -1.00000000
    outer loop
      vertex 28.51642164 -20.38939201 3.00000000
      vertex 30.41964862 -19.93891237 3.00000000
      vertex 28.83985636 -20.99449582 3.00000000
    endloop
  endfacet
  facet normal 0.00000000 0.00000000 -1.00000000
    outer loop
      vertex 28.51642164 -20.38939201 3.00000000
      vertex 30.27179275 -19.66229349 3.00000000
      vertex 30.41964862 -19.93891237 3.00000000
    endloop
  endfacet
  facet normal -0.77301045 -0.63439328 0.00000000
    outer loop
      vertex 28.83985636 -20.99449582 3.00000000
      vertex 29.27512627 -21.52487373 3.00000000
      vertex 29.27512627 -21.52487373 8.00000000
    endloop
  endfacet
  facet normal -0.77301045 -0.63439328 0.00000000
    outer loop
      vertex 28.83985636 -20.99449582 3.00000000
      vertex 29.27512627 -21.52487373 8.00000000
      vertex 28.83985636 -20.99449582 8.00000000
    endloop
  endfacet
  facet normal 0.77301045 0.63439328 0.00000000
    outer loop
      vertex 30.41964862 -19.93891237 3.00000000
      vertex 30.61862915 -20.18137085 8.00000000
      vertex 30.61862915 -20.18137085 3.00000000
    endloop
  endfacet
  facet normal 0.77301045 0.63439328 -0.00000000
    outer loop
      vertex 30.41964862 -19.93891237 3.00000000
      vertex 30.41964862 -19.93891237 8.00000000
      vertex 30.61862915 -20.18137085 8.00000000
    endloop
  endfacet
  facet normal -0.00000000 0.00000000 1.00000000
    outer loop
      vertex 28.83985636 -20.99449582 8.00000000
      vertex 29.27512627 -21.52487373 8.00000000
      vertex 30.61862915 -20.18137085 8.00000000
    endloop
  endfacet
  facet normal 0.00000000 0.00000000 1.00000000
    outer loop
      vertex 28.83985636 -20.99449582 8.00000000
      vertex 30.61862915 -20.18137085 8.00000000
      vertex 30.41964862 -19.93891237 8.00000000
    endloop
  endfacet
  facet normal 0.00000000 0.00000000 -1.00000000
    outer loop
      vertex 28.83985636 -20.99449582 3.00000000
      vertex 30.61862915 -20.18137085 3.00000000
      vertex 29.27512627 -21.52487373 3.00000000
    endloop
  endfacet
  facet normal 0.00000000 0.00000000 -1.00000000
    outer loop
      vertex 28.83985636 -20.99449582 3.00000000
      vertex 30.41964862 -19.93891237 3.00000000
      vertex 30.61862915 -20.18137085 3.00000000
    endloop
  endfacet
  facet normal -0.63439328 -0.77301045 0.00000000
    outer loop
      vertex 29.27512627 -21.52487373 3.00000000
      vertex 29.80550418 -21.96014364 3.00000000
      vertex 29.80550418 -21.96014364 8.00000000
    endloop
  endfacet
  facet normal -0.63439328 -0.77301045 0.00000000
    outer loop
      vertex 29.27512627 -21.52487373 3.00000000
      vertex 29.80550418 -21.96014364 8.00000000
      vertex 29.27512627 -21.52487373 8.00000000
    endloop
  endfacet
  facet normal 0.63439328 0.77301045 0.00000000
    outer loop
      vertex 30.61862915 -20.18137085 3.00000000
      vertex 30.86108763 -20.38035138 8.00000000
      vertex 30.86108763 -20.38035138 3.00000000
    endloop
  endfacet
  facet normal 0.63439328 0.77301045 -0.00000000
    outer loop
      vertex 30.61862915 -20.18137085 3.00000000
      vertex 30.61862915 -20.18137085 8.00000000
      vertex 30.86108763 -20.38035138 8.00000000
    endloop
  endfacet
  facet normal -0.00000000 0.00000000 1.00000000
    outer loop
      vertex 29.27512627 -21.52487373 8.00000000
      vertex 29.80550418 -21.96014364 8.00000000
      vertex 30.86108763 -20.38035138 8.00000000
    endloop
  endfacet
  facet normal 0.00000000 0.00000000 1.00000000
    outer loop
      vertex 29.27512627 -21.52487373 8.00000000
      vertex 30.86108763 -20.38035138 8.00000000
      vertex 30.61862915 -20.18137085 8.00000000
    endloop
  endfacet
  facet normal 0.00000000 0.00000000 -1.00000000
    outer loop
      vertex 29.27512627 -21.52487373 3.00000000
      vertex 30.86108763 -20.38035138 3.00000000
      vertex 29.80550418 -21.96014364 3.00000000
    endloop
  endfacet
  facet normal 0.00000000 0.00000000 -1.00000000
    outer loop
      vertex 29.27512627 -21.52487373 3.00000000
      vertex 30.61862915 -20.18137085 3.00000000
      vertex 30.86108763 -20.38035138 3.00000000
    endloop
  endfacet
  facet normal -0.47139674 -0.88192126 0.00000000
    outer loop
      vertex 29.80550418 -21.96014364 3.00000000
      vertex 30.41060799 -22.28357836 3.00000000
      vertex 30.41060799 -22.28357836 8.00000000
    endloop
  endfacet
  facet normal -0.47139674 -0.88192126 0.00000000
    outer loop
      vertex 29.80550418 -21.96014364 3.00000000
      vertex 30.41060799 -22.28357836 8.00000000
      vertex 29.80550418 -21.96014364 8.00000000
    endloop
  endfacet
  facet normal 0.47139674 0.88192126 0.00000000
    outer loop
      vertex 30.86108763 -20.38035138 3.00000000
      vertex 31.13770651 -20.52820725 8.00000000
      vertex 31.13770651 -20.52820725 3.00000000
    endloop
  endfacet
  facet normal 0.47139674 0.88192126 -0.00000000
    outer loop
      vertex 30.86108763 -20.38035138 3.00000000
      vertex 30.86108763 -20.38035138 8.00000000
      vertex 31.13770651 -20.52820725 8.00000000
    endloop
  endfacet
  facet normal -0.00000000 0.00000000 1.00000000
    outer loop
      vertex 29.80550418 -21.96014364 8.00000000
      vertex 30.41060799 -22.28357836 8.00000000
      vertex 31.13770651 -20.52820725 8.00000000
    endloop
  endfacet
  facet normal 0.00000000 0.00000000 1.00000000
    outer loop
      vertex 29.80550418 -21.96014364 8.00000000
      vertex 31.13770651 -20.52820725 8.00000000
      vertex 30.86108763 -20.38035138 8.00000000
    endloop
  endfacet
  facet normal 0.00000000 0.00000000 -1.00000000
    outer loop
      vertex 29.80550418 -21.96014364 3.00000000
      vertex 31.13770651 -20.52820725 3.00000000
      vertex 30.41060799 -22.28357836 3.00000000
    endloop
  endfacet
  facet normal 0.00000000 0.00000000 -1.00000000
    outer loop
      vertex 29.80550418 -21.96014364 3.00000000
      vertex 30.86108763 -20.38035138 3.00000000
      vertex 31.13770651 -20.52820725 3.00000000
    endloop
  endfacet
  facet normal -0.29028468 -0.95694034 0.00000000
    outer loop
      vertex 30.41060799 -22.28357836 3.00000000
      vertex 31.06718387 -22.48274848 3.00000000
      vertex 31.06718387 -22.48274848 8.00000000
    endloop
  endfacet
  facet normal -0.29028468 -0.95694034 0.00000000
    outer loop
      vertex 30.41060799 -22.28357836 3.00000000
      vertex 31.06718387 -22.48274848 8.00000000
      vertex 30.41060799 -22.28357836 8.00000000
    endloop
  endfacet
  facet normal 0.29028468 0.95694034 0.00000000
    outer loop
      vertex 31.13770651 -20.52820725 3.00000000
      vertex 31.43785548 -20.61925645 8.00000000
      vertex 31.43785548 -20.61925645 3.00000000
    endloop
  endfacet
  facet normal 0.29028468 0.95694034 -0.00000000
    outer loop
      vertex 31.13770651 -20.52820725 3.00000000
      vertex 31.13770651 -20.52820725 8.00000000
      vertex 31.43785548 -20.61925645 8.00000000
    endloop
  endfacet
  facet normal -0.00000000 0.00000000 1.00000000
    outer loop
      vertex 30.41060799 -22.28357836 8.00000000
      vertex 31.06718387 -22.48274848 8.00000000
      vertex 31.43785548 -20.61925645 8.00000000
    endloop
  endfacet
  facet normal 0.00000000 0.00000000 1.00000000
    outer loop
      vertex 30.41060799 -22.28357836 8.00000000
      vertex 31.43785548 -20.61925645 8.00000000
      vertex 31.13770651 -20.52820725 8.00000000
    endloop
  endfacet
  facet normal 0.00000000 0.00000000 -1.00000000
    outer loop
      vertex 30.41060799 -22.28357836 3.00000000
      vertex 31.43785548 -20.61925645 3.00000000
      vertex 31.06718387 -22.48274848 3.00000000
    endloop
  endfacet
  facet normal 0.00000000 0.00000000 -1.00000000
    outer loop
      vertex 30.41060799 -22.28357836 3.00000000
      vertex 31.13770651 -20.52820725 3.00000000
      vertex 31.43785548 -20.61925645 3.00000000
    endloop
  endfacet
  facet normal -0.09801714 -0.99518473 0.00000000
    outer loop
      vertex 31.06718387 -22.48274848 3.00000000
      vertex 31.75000000 -22.55000000 3.00000000
      vertex 31.75000000 -22.55000000 8.00000000
    endloop
  endfacet
  facet normal -0.09801714 -0.99518473 0.00000000
    outer loop
      vertex 31.06718387 -22.48274848 3.00000000
      vertex 31.75000000 -22.55000000 8.00000000
      vertex 31.06718387 -22.48274848 8.00000000
    endloop
  endfacet
  facet normal 0.09801714 0.99518473 0.00000000
    outer loop
      vertex 31.43785548 -20.61925645 3.00000000
      vertex 31.75000000 -20.65000000 8.00000000
      vertex 31.75000000 -20.65000000 3.00000000
    endloop
  endfacet
  facet normal 0.09801714 0.99518473 -0.00000000
    outer loop
      vertex 31.43785548 -20.61925645 3.00000000
      vertex 31.43785548 -20.61925645 8.00000000
      vertex 31.75000000 -20.65000000 8.00000000
    endloop
  endfacet
  facet normal -0.00000000 0.00000000 1.00000000
    outer loop
      vertex 31.06718387 -22.48274848 8.00000000
      vertex 31.75000000 -22.55000000 8.00000000
      vertex 31.75000000 -20.65000000 8.00000000
    endloop
  endfacet
  facet normal 0.00000000 0.00000000 1.00000000
    outer loop
      vertex 31.06718387 -22.48274848 8.00000000
      vertex 31.75000000 -20.65000000 8.00000000
      vertex 31.43785548 -20.61925645 8.00000000
    endloop
  endfacet
  facet normal 0.00000000 0.00000000 -1.00000000
    outer loop
      vertex 31.06718387 -22.48274848 3.00000000
      vertex 31.75000000 -20.65000000 3.00000000
      vertex 31.75000000 -22.55000000 3.00000000
    endloop
  endfacet
  facet normal 0.00000000 0.00000000 -1.00000000
    outer loop
      vertex 31.06718387 -22.48274848 3.00000000
      vertex 31.43785548 -20.61925645 3.00000000
      vertex 31.75000000 -20.65000000 3.00000000
    endloop
  endfacet
  facet normal 0.09801714 -0.99518473 0.00000000
    outer loop
      vertex 31.75000000 -22.55000000 3.00000000
      vertex 32.43281613 -22.48274848 3.00000000
      vertex 32.43281613 -22.48274848 8.00000000
    endloop
  endfacet
  facet normal 0.09801714 -0.99518473 0.00000000
    outer loop
      vertex 31.75000000 -22.55000000 3.00000000
      vertex 32.43281613 -22.48274848 8.00000000
      vertex 31.75000000 -22.55000000 8.00000000
    endloop
  endfacet
  facet normal -0.09801714 0.99518473 0.00000000
    outer loop
      vertex 31.75000000 -20.65000000 3.00000000
      vertex 32.06214452 -20.61925645 8.00000000
      vertex 32.06214452 -20.61925645 3.00000000
    endloop
  endfacet
  facet normal -0.09801714 0.99518473 0.00000000
    outer loop
      vertex 31.75000000 -20.65000000 3.00000000
      vertex 31.75000000 -20.65000000 8.00000000
      vertex 32.06214452 -20.61925645 8.00000000
    endloop
  endfacet
  facet normal 0.00000000 0.00000000 1.00000000
    outer loop
      vertex 31.75000000 -22.55000000 8.00000000
      vertex 32.43281613 -22.48274848 8.00000000
      vertex 32.06214452 -20.61925645 8.00000000
    endloop
  endfacet
  facet normal 0.00000000 0.00000000 1.00000000
    outer loop
      vertex 31.75000000 -22.55000000 8.00000000
      vertex 32.06214452 -20.61925645 8.00000000
      vertex 31.75000000 -20.65000000 8.00000000
    endloop
  endfacet
  facet normal 0.00000000 0.00000000 -1.00000000
    outer loop
      vertex 31.75000000 -22.55000000 3.00000000
      vertex 32.06214452 -20.61925645 3.00000000
      vertex 32.43281613 -22.48274848 3.00000000
    endloop
  endfacet
  facet normal 0.00000000 0.00000000 -1.00000000
    outer loop
      vertex 31.75000000 -22.55000000 3.00000000
      vertex 31.75000000 -20.65000000 3.00000000
      vertex 32.06214452 -20.61925645 3.00000000
    endloop
  endfacet
  facet normal 0.29028468 -0.95694034 0.00000000
    outer loop
      vertex 32.43281613 -22.48274848 3.00000000
      vertex 33.08939201 -22.28357836 3.00000000
      vertex 33.08939201 -22.28357836 8.00000000
    endloop
  endfacet
  facet normal 0.29028468 -0.95694034 0.00000000
    outer loop
      vertex 32.43281613 -22.48274848 3.00000000
      vertex 33.08939201 -22.28357836 8.00000000
      vertex 32.43281613 -22.48274848 8.00000000
    endloop
  endfacet
  facet normal -0.29028468 0.95694034 0.00000000
    outer loop
      vertex 32.06214452 -20.61925645 3.00000000
      vertex 32.36229349 -20.52820725 8.00000000
      vertex 32.36229349 -20.52820725 3.00000000
    endloop
  endfacet
  facet normal -0.29028468 0.95694034 0.00000000
    outer loop
      vertex 32.06214452 -20.61925645 3.00000000
      vertex 32.06214452 -20.61925645 8.00000000
      vertex 32.36229349 -20.52820725 8.00000000
    endloop
  endfacet
  facet normal 0.00000000 -0.00000000 1.00000000
    outer loop
      vertex 32.43281613 -22.48274848 8.00000000
      vertex 33.08939201 -22.28357836 8.00000000
      vertex 32.36229349 -20.52820725 8.00000000
    endloop
  endfacet
  facet normal 0.00000000 0.00000000 1.00000000
    outer loop
      vertex 32.43281613 -22.48274848 8.00000000
      vertex 32.36229349 -20.52820725 8.00000000
      vertex 32.06214452 -20.61925645 8.00000000
    endloop
  endfacet
  facet normal 0.00000000 0.00000000 -1.00000000
    outer loop
      vertex 32.43281613 -22.48274848 3.00000000
      vertex 32.36229349 -20.52820725 3.00000000
      vertex 33.08939201 -22.28357836 3.00000000
    endloop
  endfacet
  facet normal 0.00000000 0.00000000 -1.00000000
    outer loop
      vertex 32.43281613 -22.48274848 3.00000000
      vertex 32.06214452 -20.61925645 3.00000000
      vertex 32.36229349 -20.52820725 3.00000000
    endloop
  endfacet
  facet normal 0.47139674 -0.88192126 0.00000000
    outer loop
      vertex 33.08939201 -22.28357836 3.00000000
      vertex 33.69449582 -21.96014364 3.00000000
      vertex 33.69449582 -21.96014364 8.00000000
    endloop
  endfacet
  facet normal 0.47139674 -0.88192126 0.00000000
    outer loop
      vertex 33.08939201 -22.28357836 3.00000000
      vertex 33.69449582 -21.96014364 8.00000000
      vertex 33.08939201 -22.28357836 8.00000000
    endloop
  endfacet
  facet normal -0.47139674 0.88192126 0.00000000
    outer loop
      vertex 32.36229349 -20.52820725 3.00000000
      vertex 32.63891237 -20.38035138 8.00000000
      vertex 32.63891237 -20.38035138 3.00000000
    endloop
  endfacet
  facet normal -0.47139674 0.88192126 0.00000000
    outer loop
      vertex 32.36229349 -20.52820725 3.00000000
      vertex 32.36229349 -20.52820725 8.00000000
      vertex 32.63891237 -20.38035138 8.00000000
    endloop
  endfacet
  facet normal 0.00000000 -0.00000000 1.00000000
    outer loop
      vertex 33.08939201 -22.28357836 8.00000000
      vertex 33.69449582 -21.96014364 8.00000000
      vertex 32.63891237 -20.38035138 8.00000000
    endloop
  endfacet
  facet normal 0.00000000 0.00000000 1.00000000
    outer loop
      vertex 33.08939201 -22.28357836 8.00000000
      vertex 32.63891237 -20.38035138 8.00000000
      vertex 32.36229349 -20.52820725 8.00000000
    endloop
  endfacet
  facet normal 0.00000000 0.00000000 -1.00000000
    outer loop
      vertex 33.08939201 -22.28357836 3.00000000
      vertex 32.63891237 -20.38035138 3.00000000
      vertex 33.69449582 -21.96014364 3.00000000
    endloop
  endfacet
  facet normal 0.00000000 0.00000000 -1.00000000
    outer loop
      vertex 33.08939201 -22.28357836 3.00000000
      vertex 32.36229349 -20.52820725 3.00000000
      vertex 32.63891237 -20.38035138 3.00000000
    endloop
  endfacet
  facet normal 0.63439328 -0.77301045 0.00000000
    outer loop
      vertex 33.69449582 -21.96014364 3.00000000
      vertex 34.22487373 -21.52487373 3.00000000
      vertex 34.22487373 -21.52487373 8.00000000
    endloop
  endfacet
  facet normal 0.63439328 -0.77301045 0.00000000
    outer loop
      vertex 33.69449582 -21.96014364 3.00000000
      vertex 34.22487373 -21.52487373 8.00000000
      vertex 33.69449582 -21.96014364 8.00000000
    endloop
  endfacet
  facet normal -0.63439328 0.77301045 0.00000000
    outer loop
      vertex 32.63891237 -20.38035138 3.00000000
      vertex 32.88137085 -20.18137085 8.00000000
      vertex 32.88137085 -20.18137085 3.00000000
    endloop
  endfacet
  facet normal -0.63439328 0.77301045 0.00000000
    outer loop
      vertex 32.63891237 -20.38035138 3.00000000
      vertex 32.63891237 -20.38035138 8.00000000
      vertex 32.88137085 -20.18137085 8.00000000
    endloop
  endfacet
  facet normal 0.00000000 -0.00000000 1.00000000
    outer loop
      vertex 33.69449582 -21.96014364 8.00000000
      vertex 34.22487373 -21.52487373 8.00000000
      vertex 32.88137085 -20.18137085 8.00000000
    endloop
  endfacet
  facet normal 0.00000000 0.00000000 1.00000000
    outer loop
      vertex 33.69449582 -21.96014364 8.00000000
      vertex 32.88137085 -20.18137085 8.00000000
      vertex 32.63891237 -20.38035138 8.00000000
    endloop
  endfacet
  facet normal 0.00000000 0.00000000 -1.00000000
    outer loop
      vertex 33.69449582 -21.96014364 3.00000000
      vertex 32.88137085 -20.18137085 3.00000000
      vertex 34.22487373 -21.52487373 3.00000000
    endloop
  endfacet
  facet normal 0.00000000 0.00000000 -1.00000000
    outer loop
      vertex 33.69449582 -21.96014364 3.00000000
      vertex 32.63891237 -20.38035138 3.00000000
      vertex 32.88137085 -20.18137085 3.00000000
    endloop
  endfacet
  facet normal 0.77301045 -0.63439328 0.00000000
    outer loop
      vertex 34.22487373 -21.52487373 3.00000000
      vertex 34.66014364 -20.99449582 3.00000000
      vertex 34.66014364 -20.99449582 8.00000000
    endloop
  endfacet
  facet normal 0.77301045 -0.63439328 0.00000000
    outer loop
      vertex 34.22487373 -21.52487373 3.00000000
      vertex 34.66014364 -20.99449582 8.00000000
      vertex 34.22487373 -21.52487373 8.00000000
    endloop
  endfacet
  facet normal -0.77301045 0.63439328 0.00000000
    outer loop
      vertex 32.88137085 -20.18137085 3.00000000
      vertex 33.08035138 -19.93891237 8.00000000
      vertex 33.08035138 -19.93891237 3.00000000
    endloop
  endfacet
  facet normal -0.77301045 0.63439328 0.00000000
    outer loop
      vertex 32.88137085 -20.18137085 3.00000000
      vertex 32.88137085 -20.18137085 8.00000000
      vertex 33.08035138 -19.93891237 8.00000000
    endloop
  endfacet
  facet normal 0.00000000 -0.00000000 1.00000000
    outer loop
      vertex 34.22487373 -21.52487373 8.00000000
      vertex 34.66014364 -20.99449582 8.00000000
      vertex 33.08035138 -19.93891237 8.00000000
    endloop
  endfacet
  facet normal 0.00000000 0.00000000 1.00000000
    outer loop
      vertex 34.22487373 -21.52487373 8.00000000
      vertex 33.08035138 -19.93891237 8.00000000
      vertex 32.88137085 -20.18137085 8.00000000
    endloop
  endfacet
  facet normal 0.00000000 0.00000000 -1.00000000
    outer loop
      vertex 34.22487373 -21.52487373 3.00000000
      vertex 33.08035138 -19.93891237 3.00000000
      vertex 34.66014364 -20.99449582 3.00000000
    endloop
  endfacet
  facet normal 0.00000000 0.00000000 -1.00000000
    outer loop
      vertex 34.22487373 -21.52487373 3.00000000
      vertex 32.88137085 -20.18137085 3.00000000
      vertex 33.08035138 -19.93891237 3.00000000
    endloop
  endfacet
  facet normal 0.88192126 -0.47139674 0.00000000
    outer loop
      vertex 34.66014364 -20.99449582 3.00000000
      vertex 34.98357836 -20.38939201 3.00000000
      vertex 34.98357836 -20.38939201 8.00000000
    endloop
  endfacet
  facet normal 0.88192126 -0.47139674 0.00000000
    outer loop
      vertex 34.66014364 -20.99449582 3.00000000
      vertex 34.98357836 -20.38939201 8.00000000
      vertex 34.66014364 -20.99449582 8.00000000
    endloop
  endfacet
  facet normal -0.88192126 0.47139674 0.00000000
    outer loop
      vertex 33.08035138 -19.93891237 3.00000000
      vertex 33.22820725 -19.66229349 8.00000000
      vertex 33.22820725 -19.66229349 3.00000000
    endloop
  endfacet
  facet normal -0.88192126 0.47139674 0.00000000
    outer loop
      vertex 33.08035138 -19.93891237 3.00000000
      vertex 33.08035138 -19.93891237 8.00000000
      vertex 33.22820725 -19.66229349 8.00000000
    endloop
  endfacet
  facet normal 0.00000000 -0.00000000 1.00000000
    outer loop
      vertex 34.66014364 -20.99449582 8.00000000
      vertex 34.98357836 -20.38939201 8.00000000
      vertex 33.22820725 -19.66229349 8.00000000
    endloop
  endfacet
  facet normal 0.00000000 0.00000000 1.00000000
    outer loop
      vertex 34.66014364 -20.99449582 8.00000000
      vertex 33.22820725 -19.66229349 8.00000000
      vertex 33.08035138 -19.93891237 8.00000000
    endloop
  endfacet
  facet normal 0.00000000 0.00000000 -1.00000000
    outer loop
      vertex 34.66014364 -20.99449582 3.00000000
      vertex 33.22820725 -19.66229349 3.00000000
      vertex 34.98357836 -20.38939201 3.00000000
    endloop
  endfacet
  facet normal 0.00000000 0.00000000 -1.00000000
    outer loop
      vertex 34.66014364 -20.99449582 3.00000000
      vertex 33.08035138 -19.93891237 3.00000000
      vertex 33.22820725 -19.66229349 3.00000000
    endloop
  endfacet
  facet normal 0.95694034 -0.29028468 0.00000000
    outer loop
      vertex 34.98357836 -20.38939201 3.00000000
      vertex 35.18274848 -19.73281613 3.00000000
      vertex 35.18274848 -19.73281613 8.00000000
    endloop
  endfacet
  facet normal 0.95694034 -0.29028468 0.00000000
    outer loop
      vertex 34.98357836 -20.38939201 3.00000000
      vertex 35.18274848 -19.73281613 8.00000000
      vertex 34.98357836 -20.38939201 8.00000000
    endloop
  endfacet
  facet normal -0.95694034 0.29028468 0.00000000
    outer loop
      vertex 33.22820725 -19.66229349 3.00000000
      vertex 33.31925645 -19.36214452 8.00000000
      vertex 33.31925645 -19.36214452 3.00000000
    endloop
  endfacet
  facet normal -0.95694034 0.29028468 0.00000000
    outer loop
      vertex 33.22820725 -19.66229349 3.00000000
      vertex 33.22820725 -19.66229349 8.00000000
      vertex 33.31925645 -19.36214452 8.00000000
    endloop
  endfacet
  facet normal 0.00000000 -0.00000000 1.00000000
    outer loop
      vertex 34.98357836 -20.38939201 8.00000000
      vertex 35.18274848 -19.73281613 8.00000000
      vertex 33.31925645 -19.36214452 8.00000000
    endloop
  endfacet
  facet normal 0.00000000 0.00000000 1.00000000
    outer loop
      vertex 34.98357836 -20.38939201 8.00000000
      vertex 33.31925645 -19.36214452 8.00000000
      vertex 33.22820725 -19.66229349 8.00000000
    endloop
  endfacet
  facet normal 0.00000000 0.00000000 -1.00000000
    outer loop
      vertex 34.98357836 -20.38939201 3.00000000
      vertex 33.31925645 -19.36214452 3.00000000
      vertex 35.18274848 -19.73281613 3.00000000
    endloop
  endfacet
  facet normal 0.00000000 0.00000000 -1.00000000
    outer loop
      vertex 34.98357836 -20.38939201 3.00000000
      vertex 33.22820725 -19.66229349 3.00000000
      vertex 33.31925645 -19.36214452 3.00000000
    endloop
  endfacet
  facet normal 0.99518473 -0.09801714 0.00000000
    outer loop
      vertex 35.18274848 -19.73281613 3.00000000
      vertex 35.25000000 -19.05000000 3.00000000
      vertex 35.25000000 -19.05000000 8.00000000
    endloop
  endfacet
  facet normal 0.99518473 -0.09801714 0.00000000
    outer loop
      vertex 35.18274848 -19.73281613 3.00000000
      vertex 35.25000000 -19.05000000 8.00000000
      vertex 35.18274848 -19.73281613 8.00000000
    endloop
  endfacet
  facet normal -0.99518473 0.09801714 0.00000000
    outer loop
      vertex 33.31925645 -19.36214452 3.00000000
      vertex 33.35000000 -19.05000000 8.00000000
      vertex 33.35000000 -19.05000000 3.00000000
    endloop
  endfacet
  facet normal -0.99518473 0.09801714 0.00000000
    outer loop
      vertex 33.31925645 -19.36214452 3.00000000
      vertex 33.31925645 -19.36214452 8.00000000
      vertex 33.35000000 -19.05000000 8.00000000
    endloop
  endfacet
  facet normal 0.00000000 -0.00000000 1.00000000
    outer loop
      vertex 35.18274848 -19.73281613 8.00000000
      vertex 35.25000000 -19.05000000 8.00000000
      vertex 33.35000000 -19.05000000 8.00000000
    endloop
  endfacet
  facet normal 0.00000000 0.00000000 1.00000000
    outer loop
      vertex 35.18274848 -19.73281613 8.00000000
      vertex 33.35000000 -19.05000000 8.00000000
      vertex 33.31925645 -19.36214452 8.00000000
    endloop
  endfacet
  facet normal 0.00000000 0.00000000 -1.00000000
    outer loop
      vertex 35.18274848 -19.73281613 3.00000000
      vertex 33.35000000 -19.05000000 3.00000000
      vertex 35.25000000 -19.05000000 3.00000000
    endloop
  endfacet
  facet normal 0.00000000 0.00000000 -1.00000000
    outer loop
      vertex 35.18274848 -19.73281613 3.00000000
      vertex 33.31925645 -19.36214452 3.00000000
      vertex 33.35000000 -19.05000000 3.00000000
    endloop
  endfacet
  facet normal 0.99518473 0.09801714 0.00000000
    outer loop
      vertex -15.55000000 24.13000000 3.00000000
      vertex -15.61725152 24.81281613 3.00000000
      vertex -15.61725152 24.81281613 8.00000000
    endloop
  endfacet
  facet normal 0.99518473 0.09801714 -0.00000000
    outer loop
      vertex -15.55000000 24.13000000 3.00000000
      vertex -15.61725152 24.81281613 8.00000000
      vertex -15.55000000 24.13000000 8.00000000
    endloop
  endfacet
  facet normal -0.99518473 -0.09801714 0.00000000
    outer loop
      vertex -17.45000000 24.13000000 3.00000000
      vertex -17.48074355 24.44214452 8.00000000
      vertex -17.48074355 24.44214452 3.00000000
    endloop
  endfacet
  facet normal -0.99518473 -0.09801714 0.00000000
    outer loop
      vertex -17.45000000 24.13000000 3.00000000
      vertex -17.45000000 24.13000000 8.00000000
      vertex -17.48074355 24.44214452 8.00000000
    endloop
  endfacet
  facet normal 0.00000000 0.00000000 1.00000000
    outer loop
      vertex -15.55000000 24.13000000 8.00000000
      vertex -15.61725152 24.81281613 8.00000000
      vertex -17.48074355 24.44214452 8.00000000
    endloop
  endfacet
  facet normal 0.00000000 0.00000000 1.00000000
    outer loop
      vertex -15.55000000 24.13000000 8.00000000
      vertex -17.48074355 24.44214452 8.00000000
      vertex -17.45000000 24.13000000 8.00000000
    endloop
  endfacet
  facet normal 0.00000000 0.00000000 -1.00000000
    outer loop
      vertex -15.55000000 24.13000000 3.00000000
      vertex -17.48074355 24.44214452 3.00000000
      vertex -15.61725152 24.81281613 3.00000000
    endloop
  endfacet
  facet normal 0.00000000 0.00000000 -1.00000000
    outer loop
      vertex -15.55000000 24.13000000 3.00000000
      vertex -17.45000000 24.13000000 3.00000000
      vertex -17.48074355 24.44214452 3.00000000
    endloop
  endfacet
  facet normal 0.95694034 0.29028468 0.00000000
    outer loop
      vertex -15.61725152 24.81281613 3.00000000
      vertex -15.81642164 25.46939201 3.00000000
      vertex -15.81642164 25.46939201 8.00000000
    endloop
  endfacet
  facet normal 0.95694034 0.29028468 -0.00000000
    outer loop
      vertex -15.61725152 24.81281613 3.00000000
      vertex -15.81642164 25.46939201 8.00000000
      vertex -15.61725152 24.81281613 8.00000000
    endloop
  endfacet
  facet normal -0.95694034 -0.29028468 0.00000000
    outer loop
      vertex -17.48074355 24.44214452 3.00000000
      vertex -17.57179275 24.74229349 8.00000000
      vertex -17.57179275 24.74229349 3.00000000
    endloop
  endfacet
  facet normal -0.95694034 -0.29028468 0.00000000
    outer loop
      vertex -17.48074355 24.44214452 3.00000000
      vertex -17.48074355 24.44214452 8.00000000
      vertex -17.57179275 24.74229349 8.00000000
    endloop
  endfacet
  facet normal 0.00000000 0.00000000 1.00000000
    outer loop
      vertex -15.61725152 24.81281613 8.00000000
      vertex -15.81642164 25.46939201 8.00000000
      vertex -17.57179275 24.74229349 8.00000000
    endloop
  endfacet
  facet normal 0.00000000 0.00000000 1.00000000
    outer loop
      vertex -15.61725152 24.81281613 8.00000000
      vertex -17.57179275 24.74229349 8.00000000
      vertex -17.48074355 24.44214452 8.00000000
    endloop
  endfacet
  facet normal -0.00000000 0.00000000 -1.00000000
    outer loop
      vertex -15.61725152 24.81281613 3.00000000
      vertex -17.57179275 24.74229349 3.00000000
      vertex -15.81642164 25.46939201 3.00000000
    endloop
  endfacet
  facet normal 0.00000000 0.00000000 -1.00000000
    outer loop
      vertex -15.61725152 24.81281613 3.00000000
      vertex -17.48074355 24.44214452 3.00000000
      vertex -17.57179275 24.74229349 3.00000000
    endloop
  endfacet
  facet normal 0.88192126 0.47139674 0.00000000
    outer loop
      vertex -15.81642164 25.46939201 3.00000000
      vertex -16.13985636 26.07449582 3.00000000
      vertex -16.13985636 26.07449582 8.00000000
    endloop
  endfacet
  facet normal 0.88192126 0.47139674 -0.00000000
    outer loop
      vertex -15.81642164 25.46939201 3.00000000
      vertex -16.13985636 26.07449582 8.00000000
      vertex -15.81642164 25.46939201 8.00000000
    endloop
  endfacet
  facet normal -0.88192126 -0.47139674 0.00000000
    outer loop
      vertex -17.57179275 24.74229349 3.00000000
      vertex -17.71964862 25.01891237 8.00000000
      vertex -17.71964862 25.01891237 3.00000000
    endloop
  endfacet
  facet normal -0.88192126 -0.47139674 0.00000000
    outer loop
      vertex -17.57179275 24.74229349 3.00000000
      vertex -17.57179275 24.74229349 8.00000000
      vertex -17.71964862 25.01891237 8.00000000
    endloop
  endfacet
  facet normal 0.00000000 0.00000000 1.00000000
    outer loop
      vertex -15.81642164 25.46939201 8.00000000
      vertex -16.13985636 26.07449582 8.00000000
      vertex -17.71964862 25.01891237 8.00000000
    endloop
  endfacet
  facet normal 0.00000000 0.00000000 1.00000000
    outer loop
      vertex -15.81642164 25.46939201 8.00000000
      vertex -17.71964862 25.01891237 8.00000000
      vertex -17.57179275 24.74229349 8.00000000
    endloop
  endfacet
  facet normal -0.00000000 0.00000000 -1.00000000
    outer loop
      vertex -15.81642164 25.46939201 3.00000000
      vertex -17.71964862 25.01891237 3.00000000
      vertex -16.13985636 26.07449582 3.00000000
    endloop
  endfacet
  facet normal 0.00000000 0.00000000 -1.00000000
    outer loop
      vertex -15.81642164 25.46939201 3.00000000
      vertex -17.57179275 24.74229349 3.00000000
      vertex -17.71964862 25.01891237 3.00000000
    endloop
  endfacet
  facet normal 0.77301045 0.63439328 0.00000000
    outer loop
      vertex -16.13985636 26.07449582 3.00000000
      vertex -16.57512627 26.60487373 3.00000000
      vertex -16.57512627 26.60487373 8.00000000
    endloop
  endfacet
  facet normal 0.77301045 0.63439328 -0.00000000
    outer loop
      vertex -16.13985636 26.07449582 3.00000000
      vertex -16.57512627 26.60487373 8.00000000
      vertex -16.13985636 26.07449582 8.00000000
    endloop
  endfacet
  facet normal -0.77301045 -0.63439328 0.00000000
    outer loop
      vertex -17.71964862 25.01891237 3.00000000
      vertex -17.91862915 25.26137085 8.00000000
      vertex -17.91862915 25.26137085 3.00000000
    endloop
  endfacet
  facet normal -0.77301045 -0.63439328 0.00000000
    outer loop
      vertex -17.71964862 25.01891237 3.00000000
      vertex -17.71964862 25.01891237 8.00000000
      vertex -17.91862915 25.26137085 8.00000000
    endloop
  endfacet
  facet normal 0.00000000 0.00000000 1.00000000
    outer loop
      vertex -16.13985636 26.07449582 8.00000000
      vertex -16.57512627 26.60487373 8.00000000
      vertex -17.91862915 25.26137085 8.00000000
    endloop
  endfacet
  facet normal 0.00000000 0.00000000 1.00000000
    outer loop
      vertex -16.13985636 26.07449582 8.00000000
      vertex -17.91862915 25.26137085 8.00000000
      vertex -17.71964862 25.01891237 8.00000000
    endloop
  endfacet
  facet normal -0.00000000 0.00000000 -1.00000000
    outer loop
      vertex -16.13985636 26.07449582 3.00000000
      vertex -17.91862915 25.26137085 3.00000000
      vertex -16.57512627 26.60487373 3.00000000
    endloop
  endfacet
  facet normal 0.00000000 0.00000000 -1.00000000
    outer loop
      vertex -16.13985636 26.07449582 3.00000000
      vertex -17.71964862 25.01891237 3.00000000
      vertex -17.91862915 25.26137085 3.00000000
    endloop
  endfacet
  facet normal 0.63439328 0.77301045 0.00000000
    outer loop
      vertex -16.57512627 26.60487373 3.00000000
      vertex -17.10550418 27.04014364 3.00000000
      vertex -17.10550418 27.04014364 8.00000000
    endloop
  endfacet
  facet normal 0.63439328 0.77301045 -0.00000000
    outer loop
      vertex -16.57512627 26.60487373 3.00000000
      vertex -17.10550418 27.04014364 8.00000000
      vertex -16.57512627 26.60487373 8.00000000
    endloop
  endfacet
  facet normal -0.63439328 -0.77301045 0.00000000
    outer loop
      vertex -17.91862915 25.26137085 3.00000000
      vertex -18.16108763 25.46035138 8.00000000
      vertex -18.16108763 25.46035138 3.00000000
    endloop
  endfacet
  facet normal -0.63439328 -0.77301045 0.00000000
    outer loop
      vertex -17.91862915 25.26137085 3.00000000
      vertex -17.91862915 25.26137085 8.00000000
      vertex -18.16108763 25.46035138 8.00000000
    endloop
  endfacet
  facet normal 0.00000000 0.00000000 1.00000000
    outer loop
      vertex -16.57512627 26.60487373 8.00000000
      vertex -17.10550418 27.04014364 8.00000000
      vertex -18.16108763 25.46035138 8.00000000
    endloop
  endfacet
  facet normal 0.00000000 0.00000000 1.00000000
    outer loop
      vertex -16.57512627 26.60487373 8.00000000
      vertex -18.16108763 25.46035138 8.00000000
      vertex -17.91862915 25.26137085 8.00000000
    endloop
  endfacet
  facet normal -0.00000000 0.00000000 -1.00000000
    outer loop
      vertex -16.57512627 26.60487373 3.00000000
      vertex -18.16108763 25.46035138 3.00000000
      vertex -17.10550418 27.04014364 3.00000000
    endloop
  endfacet
  facet normal 0.00000000 0.00000000 -1.00000000
    outer loop
      vertex -16.57512627 26.60487373 3.00000000
      vertex -17.91862915 25.26137085 3.00000000
      vertex -18.16108763 25.46035138 3.00000000
    endloop
  endfacet
  facet normal 0.47139674 0.88192126 0.00000000
    outer loop
      vertex -17.10550418 27.04014364 3.00000000
      vertex -17.71060799 27.36357836 3.00000000
      vertex -17.71060799 27.36357836 8.00000000
    endloop
  endfacet
  facet normal 0.47139674 0.88192126 -0.00000000
    outer loop
      vertex -17.10550418 27.04014364 3.00000000
      vertex -17.71060799 27.36357836 8.00000000
      vertex -17.10550418 27.04014364 8.00000000
    endloop
  endfacet
  facet normal -0.47139674 -0.88192126 0.00000000
    outer loop
      vertex -18.16108763 25.46035138 3.00000000
      vertex -18.43770651 25.60820725 8.00000000
      vertex -18.43770651 25.60820725 3.00000000
    endloop
  endfacet
  facet normal -0.47139674 -0.88192126 0.00000000
    outer loop
      vertex -18.16108763 25.46035138 3.00000000
      vertex -18.16108763 25.46035138 8.00000000
      vertex -18.43770651 25.60820725 8.00000000
    endloop
  endfacet
  facet normal 0.00000000 0.00000000 1.00000000
    outer loop
      vertex -17.10550418 27.04014364 8.00000000
      vertex -17.71060799 27.36357836 8.00000000
      vertex -18.43770651 25.60820725 8.00000000
    endloop
  endfacet
  facet normal 0.00000000 0.00000000 1.00000000
    outer loop
      vertex -17.10550418 27.04014364 8.00000000
      vertex -18.43770651 25.60820725 8.00000000
      vertex -18.16108763 25.46035138 8.00000000
    endloop
  endfacet
  facet normal -0.00000000 0.00000000 -1.00000000
    outer loop
      vertex -17.10550418 27.04014364 3.00000000
      vertex -18.43770651 25.60820725 3.00000000
      vertex -17.71060799 27.36357836 3.00000000
    endloop
  endfacet
  facet normal 0.00000000 0.00000000 -1.00000000
    outer loop
      vertex -17.10550418 27.04014364 3.00000000
      vertex -18.16108763 25.46035138 3.00000000
      vertex -18.43770651 25.60820725 3.00000000
    endloop
  endfacet
  facet normal 0.29028468 0.95694034 0.00000000
    outer loop
      vertex -17.71060799 27.36357836 3.00000000
      vertex -18.36718387 27.56274848 3.00000000
      vertex -18.36718387 27.56274848 8.00000000
    endloop
  endfacet
  facet normal 0.29028468 0.95694034 -0.00000000
    outer loop
      vertex -17.71060799 27.36357836 3.00000000
      vertex -18.36718387 27.56274848 8.00000000
      vertex -17.71060799 27.36357836 8.00000000
    endloop
  endfacet
  facet normal -0.29028468 -0.95694034 0.00000000
    outer loop
      vertex -18.43770651 25.60820725 3.00000000
      vertex -18.73785548 25.69925645 8.00000000
      vertex -18.73785548 25.69925645 3.00000000
    endloop
  endfacet
  facet normal -0.29028468 -0.95694034 0.00000000
    outer loop
      vertex -18.43770651 25.60820725 3.00000000
      vertex -18.43770651 25.60820725 8.00000000
      vertex -18.73785548 25.69925645 8.00000000
    endloop
  endfacet
  facet normal 0.00000000 0.00000000 1.00000000
    outer loop
      vertex -17.71060799 27.36357836 8.00000000
      vertex -18.36718387 27.56274848 8.00000000
      vertex -18.73785548 25.69925645 8.00000000
    endloop
  endfacet
  facet normal 0.00000000 0.00000000 1.00000000
    outer loop
      vertex -17.71060799 27.36357836 8.00000000
      vertex -18.73785548 25.69925645 8.00000000
      vertex -18.43770651 25.60820725 8.00000000
    endloop
  endfacet
  facet normal -0.00000000 0.00000000 -1.00000000
    outer loop
      vertex -17.71060799 27.36357836 3.00000000
      vertex -18.73785548 25.69925645 3.00000000
      vertex -18.36718387 27.56274848 3.00000000
    endloop
  endfacet
  facet normal 0.00000000 0.00000000 -1.00000000
    outer loop
      vertex -17.71060799 27.36357836 3.00000000
      vertex -18.43770651 25.60820725 3.00000000
      vertex -18.73785548 25.69925645 3.00000000
    endloop
  endfacet
  facet normal 0.09801714 0.99518473 0.00000000
    outer loop
      vertex -18.36718387 27.56274848 3.00000000
      vertex -19.05000000 27.63000000 3.00000000
      vertex -19.05000000 27.63000000 8.00000000
    endloop
  endfacet
  facet normal 0.09801714 0.99518473 -0.00000000
    outer loop
      vertex -18.36718387 27.56274848 3.00000000
      vertex -19.05000000 27.63000000 8.00000000
      vertex -18.36718387 27.56274848 8.00000000
    endloop
  endfacet
  facet normal -0.09801714 -0.99518473 0.00000000
    outer loop
      vertex -18.73785548 25.69925645 3.00000000
      vertex -19.05000000 25.73000000 8.00000000
      vertex -19.05000000 25.73000000 3.00000000
    endloop
  endfacet
  facet normal -0.09801714 -0.99518473 0.00000000
    outer loop
      vertex -18.73785548 25.69925645 3.00000000
      vertex -18.73785548 25.69925645 8.00000000
      vertex -19.05000000 25.73000000 8.00000000
    endloop
  endfacet
  facet normal 0.00000000 0.00000000 1.00000000
    outer loop
      vertex -18.36718387 27.56274848 8.00000000
      vertex -19.05000000 27.63000000 8.00000000
      vertex -19.05000000 25.73000000 8.00000000
    endloop
  endfacet
  facet normal 0.00000000 0.00000000 1.00000000
    outer loop
      vertex -18.36718387 27.56274848 8.00000000
      vertex -19.05000000 25.73000000 8.00000000
      vertex -18.73785548 25.69925645 8.00000000
    endloop
  endfacet
  facet normal -0.00000000 0.00000000 -1.00000000
    outer loop
      vertex -18.36718387 27.56274848 3.00000000
      vertex -19.05000000 25.73000000 3.00000000
      vertex -19.05000000 27.63000000 3.00000000
    endloop
  endfacet
  facet normal 0.00000000 0.00000000 -1.00000000
    outer loop
      vertex -18.36718387 27.56274848 3.00000000
      vertex -18.73785548 25.69925645 3.00000000
      vertex -19.05000000 25.73000000 3.00000000
    endloop
  endfacet
  facet normal -0.09801714 0.99518473 0.00000000
    outer loop
      vertex -19.05000000 27.63000000 3.00000000
      vertex -19.73281613 27.56274848 3.00000000
      vertex -19.73281613 27.56274848 8.00000000
    endloop
  endfacet
  facet normal -0.09801714 0.99518473 0.00000000
    outer loop
      vertex -19.05000000 27.63000000 3.00000000
      vertex -19.73281613 27.56274848 8.00000000
      vertex -19.05000000 27.63000000 8.00000000
    endloop
  endfacet
  facet normal 0.09801714 -0.99518473 0.00000000
    outer loop
      vertex -19.05000000 25.73000000 3.00000000
      vertex -19.36214452 25.69925645 8.00000000
      vertex -19.36214452 25.69925645 3.00000000
    endloop
  endfacet
  facet normal 0.09801714 -0.99518473 0.00000000
    outer loop
      vertex -19.05000000 25.73000000 3.00000000
      vertex -19.05000000 25.73000000 8.00000000
      vertex -19.36214452 25.69925645 8.00000000
    endloop
  endfacet
  facet normal 0.00000000 0.00000000 1.00000000
    outer loop
      vertex -19.05000000 27.63000000 8.00000000
      vertex -19.73281613 27.56274848 8.00000000
      vertex -19.36214452 25.69925645 8.00000000
    endloop
  endfacet
  facet normal 0.00000000 0.00000000 1.00000000
    outer loop
      vertex -19.05000000 27.63000000 8.00000000
      vertex -19.36214452 25.69925645 8.00000000
      vertex -19.05000000 25.73000000 8.00000000
    endloop
  endfacet
  facet normal 0.00000000 0.00000000 -1.00000000
    outer loop
      vertex -19.05000000 27.63000000 3.00000000
      vertex -19.36214452 25.69925645 3.00000000
      vertex -19.73281613 27.56274848 3.00000000
    endloop
  endfacet
  facet normal 0.00000000 -0.00000000 -1.00000000
    outer loop
      vertex -19.05000000 27.63000000 3.00000000
      vertex -19.05000000 25.73000000 3.00000000
      vertex -19.36214452 25.69925645 3.00000000
    endloop
  endfacet
  facet normal -0.29028468 0.95694034 0.00000000
    outer loop
      vertex -19.73281613 27.56274848 3.00000000
      vertex -20.38939201 27.36357836 3.00000000
      vertex -20.38939201 27.36357836 8.00000000
    endloop
  endfacet
  facet normal -0.29028468 0.95694034 0.00000000
    outer loop
      vertex -19.73281613 27.56274848 3.00000000
      vertex -20.38939201 27.36357836 8.00000000
      vertex -19.73281613 27.56274848 8.00000000
    endloop
  endfacet
  facet normal 0.29028468 -0.95694034 0.00000000
    outer loop
      vertex -19.36214452 25.69925645 3.00000000
      vertex -19.66229349 25.60820725 8.00000000
      vertex -19.66229349 25.60820725 3.00000000
    endloop
  endfacet
  facet normal 0.29028468 -0.95694034 0.00000000
    outer loop
      vertex -19.36214452 25.69925645 3.00000000
      vertex -19.36214452 25.69925645 8.00000000
      vertex -19.66229349 25.60820725 8.00000000
    endloop
  endfacet
  facet normal 0.00000000 0.00000000 1.00000000
    outer loop
      vertex -19.73281613 27.56274848 8.00000000
      vertex -20.38939201 27.36357836 8.00000000
      vertex -19.66229349 25.60820725 8.00000000
    endloop
  endfacet
  facet normal 0.00000000 0.00000000 1.00000000
    outer loop
      vertex -19.73281613 27.56274848 8.00000000
      vertex -19.66229349 25.60820725 8.00000000
      vertex -19.36214452 25.69925645 8.00000000
    endloop
  endfacet
  facet normal 0.00000000 -0.00000000 -1.00000000
    outer loop
      vertex -19.73281613 27.56274848 3.00000000
      vertex -19.66229349 25.60820725 3.00000000
      vertex -20.38939201 27.36357836 3.00000000
    endloop
  endfacet
  facet normal 0.00000000 0.00000000 -1.00000000
    outer loop
      vertex -19.73281613 27.56274848 3.00000000
      vertex -19.36214452 25.69925645 3.00000000
      vertex -19.66229349 25.60820725 3.00000000
    endloop
  endfacet
  facet normal -0.47139674 0.88192126 0.00000000
    outer loop
      vertex -20.38939201 27.36357836 3.00000000
      vertex -20.99449582 27.04014364 3.00000000
      vertex -20.99449582 27.04014364 8.00000000
    endloop
  endfacet
  facet normal -0.47139674 0.88192126 0.00000000
    outer loop
      vertex -20.38939201 27.36357836 3.00000000
      vertex -20.99449582 27.04014364 8.00000000
      vertex -20.38939201 27.36357836 8.00000000
    endloop
  endfacet
  facet normal 0.47139674 -0.88192126 0.00000000
    outer loop
      vertex -19.66229349 25.60820725 3.00000000
      vertex -19.93891237 25.46035138 8.00000000
      vertex -19.93891237 25.46035138 3.00000000
    endloop
  endfacet
  facet normal 0.47139674 -0.88192126 0.00000000
    outer loop
      vertex -19.66229349 25.60820725 3.00000000
      vertex -19.66229349 25.60820725 8.00000000
      vertex -19.93891237 25.46035138 8.00000000
    endloop
  endfacet
  facet normal 0.00000000 0.00000000 1.00000000
    outer loop
      vertex -20.38939201 27.36357836 8.00000000
      vertex -20.99449582 27.04014364 8.00000000
      vertex -19.93891237 25.46035138 8.00000000
    endloop
  endfacet
  facet normal 0.00000000 0.00000000 1.00000000
    outer loop
      vertex -20.38939201 27.36357836 8.00000000
      vertex -19.93891237 25.46035138 8.00000000
      vertex -19.66229349 25.60820725 8.00000000
    endloop
  endfacet
  facet normal 0.00000000 -0.00000000 -1.00000000
    outer loop
      vertex -20.38939201 27.36357836 3.00000000
      vertex -19.93891237 25.46035138 3.00000000
      vertex -20.99449582 27.04014364 3.00000000
    endloop
  endfacet
  facet normal 0.00000000 0.00000000 -1.00000000
    outer loop
      vertex -20.38939201 27.36357836 3.00000000
      vertex -19.66229349 25.60820725 3.00000000
      vertex -19.93891237 25.46035138 3.00000000
    endloop
  endfacet
  facet normal -0.63439328 0.77301045 0.00000000
    outer loop
      vertex -20.99449582 27.04014364 3.00000000
      vertex -21.52487373 26.60487373 3.00000000
      vertex -21.52487373 26.60487373 8.00000000
    endloop
  endfacet
  facet normal -0.63439328 0.77301045 0.00000000
    outer loop
      vertex -20.99449582 27.04014364 3.00000000
      vertex -21.52487373 26.60487373 8.00000000
      vertex -20.99449582 27.04014364 8.00000000
    endloop
  endfacet
  facet normal 0.63439328 -0.77301045 0.00000000
    outer loop
      vertex -19.93891237 25.46035138 3.00000000
      vertex -20.18137085 25.26137085 8.00000000
      vertex -20.18137085 25.26137085 3.00000000
    endloop
  endfacet
  facet normal 0.63439328 -0.77301045 0.00000000
    outer loop
      vertex -19.93891237 25.46035138 3.00000000
      vertex -19.93891237 25.46035138 8.00000000
      vertex -20.18137085 25.26137085 8.00000000
    endloop
  endfacet
  facet normal 0.00000000 0.00000000 1.00000000
    outer loop
      vertex -20.99449582 27.04014364 8.00000000
      vertex -21.52487373 26.60487373 8.00000000
      vertex -20.18137085 25.26137085 8.00000000
    endloop
  endfacet
  facet normal 0.00000000 0.00000000 1.00000000
    outer loop
      vertex -20.99449582 27.04014364 8.00000000
      vertex -20.18137085 25.26137085 8.00000000
      vertex -19.93891237 25.46035138 8.00000000
    endloop
  endfacet
  facet normal 0.00000000 -0.00000000 -1.00000000
    outer loop
      vertex -20.99449582 27.04014364 3.00000000
      vertex -20.18137085 25.26137085 3.00000000
      vertex -21.52487373 26.60487373 3.00000000
    endloop
  endfacet
  facet normal 0.00000000 0.00000000 -1.00000000
    outer loop
      vertex -20.99449582 27.04014364 3.00000000
      vertex -19.93891237 25.46035138 3.00000000
      vertex -20.18137085 25.26137085 3.00000000
    endloop
  endfacet
  facet normal -0.77301045 0.63439328 0.00000000
    outer loop
      vertex -21.52487373 26.60487373 3.00000000
      vertex -21.96014364 26.07449582 3.00000000
      vertex -21.96014364 26.07449582 8.00000000
    endloop
  endfacet
  facet normal -0.77301045 0.63439328 0.00000000
    outer loop
      vertex -21.52487373 26.60487373 3.00000000
      vertex -21.96014364 26.07449582 8.00000000
      vertex -21.52487373 26.60487373 8.00000000
    endloop
  endfacet
  facet normal 0.77301045 -0.63439328 0.00000000
    outer loop
      vertex -20.18137085 25.26137085 3.00000000
      vertex -20.38035138 25.01891237 8.00000000
      vertex -20.38035138 25.01891237 3.00000000
    endloop
  endfacet
  facet normal 0.77301045 -0.63439328 0.00000000
    outer loop
      vertex -20.18137085 25.26137085 3.00000000
      vertex -20.18137085 25.26137085 8.00000000
      vertex -20.38035138 25.01891237 8.00000000
    endloop
  endfacet
  facet normal 0.00000000 0.00000000 1.00000000
    outer loop
      vertex -21.52487373 26.60487373 8.00000000
      vertex -21.96014364 26.07449582 8.00000000
      vertex -20.38035138 25.01891237 8.00000000
    endloop
  endfacet
  facet normal 0.00000000 0.00000000 1.00000000
    outer loop
      vertex -21.52487373 26.60487373 8.00000000
      vertex -20.38035138 25.01891237 8.00000000
      vertex -20.18137085 25.26137085 8.00000000
    endloop
  endfacet
  facet normal 0.00000000 -0.00000000 -1.00000000
    outer loop
      vertex -21.52487373 26.60487373 3.00000000
      vertex -20.38035138 25.01891237 3.00000000
      vertex -21.96014364 26.07449582 3.00000000
    endloop
  endfacet
  facet normal 0.00000000 0.00000000 -1.00000000
    outer loop
      vertex -21.52487373 26.60487373 3.00000000
      vertex -20.18137085 25.26137085 3.00000000
      vertex -20.38035138 25.01891237 3.00000000
    endloop
  endfacet
  facet normal -0.88192126 0.47139674 0.00000000
    outer loop
      vertex -21.96014364 26.07449582 3.00000000
      vertex -22.28357836 25.46939201 3.00000000
      vertex -22.28357836 25.46939201 8.00000000
    endloop
  endfacet
  facet normal -0.88192126 0.47139674 0.00000000
    outer loop
      vertex -21.96014364 26.07449582 3.00000000
      vertex -22.28357836 25.46939201 8.00000000
      vertex -21.96014364 26.07449582 8.00000000
    endloop
  endfacet
  facet normal 0.88192126 -0.47139674 0.00000000
    outer loop
      vertex -20.38035138 25.01891237 3.00000000
      vertex -20.52820725 24.74229349 8.00000000
      vertex -20.52820725 24.74229349 3.00000000
    endloop
  endfacet
  facet normal 0.88192126 -0.47139674 0.00000000
    outer loop
      vertex -20.38035138 25.01891237 3.00000000
      vertex -20.38035138 25.01891237 8.00000000
      vertex -20.52820725 24.74229349 8.00000000
    endloop
  endfacet
  facet normal 0.00000000 0.00000000 1.00000000
    outer loop
      vertex -21.96014364 26.07449582 8.00000000
      vertex -22.28357836 25.46939201 8.00000000
      vertex -20.52820725 24.74229349 8.00000000
    endloop
  endfacet
  facet normal 0.00000000 0.00000000 1.00000000
    outer loop
      vertex -21.96014364 26.07449582 8.00000000
      vertex -20.52820725 24.74229349 8.00000000
      vertex -20.38035138 25.01891237 8.00000000
    endloop
  endfacet
  facet normal 0.00000000 -0.00000000 -1.00000000
    outer loop
      vertex -21.96014364 26.07449582 3.00000000
      vertex -20.52820725 24.74229349 3.00000000
      vertex -22.28357836 25.46939201 3.00000000
    endloop
  endfacet
  facet normal 0.00000000 0.00000000 -1.00000000
    outer loop
      vertex -21.96014364 26.07449582 3.00000000
      vertex -20.38035138 25.01891237 3.00000000
      vertex -20.52820725 24.74229349 3.00000000
    endloop
  endfacet
  facet normal -0.95694034 0.29028468 0.00000000
    outer loop
      vertex -22.28357836 25.46939201 3.00000000
      vertex -22.48274848 24.81281613 3.00000000
      vertex -22.48274848 24.81281613 8.00000000
    endloop
  endfacet
  facet normal -0.95694034 0.29028468 0.00000000
    outer loop
      vertex -22.28357836 25.46939201 3.00000000
      vertex -22.48274848 24.81281613 8.00000000
      vertex -22.28357836 25.46939201 8.00000000
    endloop
  endfacet
  facet normal 0.95694034 -0.29028468 0.00000000
    outer loop
      vertex -20.52820725 24.74229349 3.00000000
      vertex -20.61925645 24.44214452 8.00000000
      vertex -20.61925645 24.44214452 3.00000000
    endloop
  endfacet
  facet normal 0.95694034 -0.29028468 0.00000000
    outer loop
      vertex -20.52820725 24.74229349 3.00000000
      vertex -20.52820725 24.74229349 8.00000000
      vertex -20.61925645 24.44214452 8.00000000
    endloop
  endfacet
  facet normal 0.00000000 0.00000000 1.00000000
    outer loop
      vertex -22.28357836 25.46939201 8.00000000
      vertex -22.48274848 24.81281613 8.00000000
      vertex -20.61925645 24.44214452 8.00000000
    endloop
  endfacet
  facet normal 0.00000000 0.00000000 1.00000000
    outer loop
      vertex -22.28357836 25.46939201 8.00000000
      vertex -20.61925645 24.44214452 8.00000000
      vertex -20.52820725 24.74229349 8.00000000
    endloop
  endfacet
  facet normal 0.00000000 -0.00000000 -1.00000000
    outer loop
      vertex -22.28357836 25.46939201 3.00000000
      vertex -20.61925645 24.44214452 3.00000000
      vertex -22.48274848 24.81281613 3.00000000
    endloop
  endfacet
  facet normal 0.00000000 0.00000000 -1.00000000
    outer loop
      vertex -22.28357836 25.46939201 3.00000000
      vertex -20.52820725 24.74229349 3.00000000
      vertex -20.61925645 24.44214452 3.00000000
    endloop
  endfacet
  facet normal -0.99518473 0.09801714 0.00000000
    outer loop
      vertex -22.48274848 24.81281613 3.00000000
      vertex -22.55000000 24.13000000 3.00000000
      vertex -22.55000000 24.13000000 8.00000000
    endloop
  endfacet
  facet normal -0.99518473 0.09801714 0.00000000
    outer loop
      vertex -22.48274848 24.81281613 3.00000000
      vertex -22.55000000 24.13000000 8.00000000
      vertex -22.48274848 24.81281613 8.00000000
    endloop
  endfacet
  facet normal 0.99518473 -0.09801714 0.00000000
    outer loop
      vertex -20.61925645 24.44214452 3.00000000
      vertex -20.65000000 24.13000000 8.00000000
      vertex -20.65000000 24.13000000 3.00000000
    endloop
  endfacet
  facet normal 0.99518473 -0.09801714 0.00000000
    outer loop
      vertex -20.61925645 24.44214452 3.00000000
      vertex -20.61925645 24.44214452 8.00000000
      vertex -20.65000000 24.13000000 8.00000000
    endloop
  endfacet
  facet normal 0.00000000 0.00000000 1.00000000
    outer loop
      vertex -22.48274848 24.81281613 8.00000000
      vertex -22.55000000 24.13000000 8.00000000
      vertex -20.65000000 24.13000000 8.00000000
    endloop
  endfacet
  facet normal 0.00000000 0.00000000 1.00000000
    outer loop
      vertex -22.48274848 24.81281613 8.00000000
      vertex -20.65000000 24.13000000 8.00000000
      vertex -20.61925645 24.44214452 8.00000000
    endloop
  endfacet
  facet normal 0.00000000 -0.00000000 -1.00000000
    outer loop
      vertex -22.48274848 24.81281613 3.00000000
      vertex -20.65000000 24.13000000 3.00000000
      vertex -22.55000000 24.13000000 3.00000000
    endloop
  endfacet
  facet normal 0.00000000 0.00000000 -1.00000000
    outer loop
      vertex -22.48274848 24.81281613 3.00000000
      vertex -20.61925645 24.44214452 3.00000000
      vertex -20.65000000 24.13000000 3.00000000
    endloop
  endfacet
  facet normal -0.99518473 -0.09801714 0.00000000
    outer loop
      vertex -22.55000000 24.13000000 3.00000000
      vertex -22.48274848 23.44718387 3.00000000
      vertex -22.48274848 23.44718387 8.00000000
    endloop
  endfacet
  facet normal -0.99518473 -0.09801714 0.00000000
    outer loop
      vertex -22.55000000 24.13000000 3.00000000
      vertex -22.48274848 23.44718387 8.00000000
      vertex -22.55000000 24.13000000 8.00000000
    endloop
  endfacet
  facet normal 0.99518473 0.09801714 0.00000000
    outer loop
      vertex -20.65000000 24.13000000 3.00000000
      vertex -20.61925645 23.81785548 8.00000000
      vertex -20.61925645 23.81785548 3.00000000
    endloop
  endfacet
  facet normal 0.99518473 0.09801714 -0.00000000
    outer loop
      vertex -20.65000000 24.13000000 3.00000000
      vertex -20.65000000 24.13000000 8.00000000
      vertex -20.61925645 23.81785548 8.00000000
    endloop
  endfacet
  facet normal 0.00000000 0.00000000 1.00000000
    outer loop
      vertex -22.55000000 24.13000000 8.00000000
      vertex -22.48274848 23.44718387 8.00000000
      vertex -20.61925645 23.81785548 8.00000000
    endloop
  endfacet
  facet normal -0.00000000 0.00000000 1.00000000
    outer loop
      vertex -22.55000000 24.13000000 8.00000000
      vertex -20.61925645 23.81785548 8.00000000
      vertex -20.65000000 24.13000000 8.00000000
    endloop
  endfacet
  facet normal 0.00000000 0.00000000 -1.00000000
    outer loop
      vertex -22.55000000 24.13000000 3.00000000
      vertex -20.61925645 23.81785548 3.00000000
      vertex -22.48274848 23.44718387 3.00000000
    endloop
  endfacet
  facet normal 0.00000000 0.00000000 -1.00000000
    outer loop
      vertex -22.55000000 24.13000000 3.00000000
      vertex -20.65000000 24.13000000 3.00000000
      vertex -20.61925645 23.81785548 3.00000000
    endloop
  endfacet
  facet normal -0.95694034 -0.29028468 0.00000000
    outer loop
      vertex -22.48274848 23.44718387 3.00000000
      vertex -22.28357836 22.79060799 3.00000000
      vertex -22.28357836 22.79060799 8.00000000
    endloop
  endfacet
  facet normal -0.95694034 -0.29028468 0.00000000
    outer loop
      vertex -22.48274848 23.44718387 3.00000000
      vertex -22.28357836 22.79060799 8.00000000
      vertex -22.48274848 23.44718387 8.00000000
    endloop
  endfacet
  facet normal 0.95694034 0.29028468 0.00000000
    outer loop
      vertex -20.61925645 23.81785548 3.00000000
      vertex -20.52820725 23.51770651 8.00000000
      vertex -20.52820725 23.51770651 3.00000000
    endloop
  endfacet
  facet normal 0.95694034 0.29028468 -0.00000000
    outer loop
      vertex -20.61925645 23.81785548 3.00000000
      vertex -20.61925645 23.81785548 8.00000000
      vertex -20.52820725 23.51770651 8.00000000
    endloop
  endfacet
  facet normal -0.00000000 0.00000000 1.00000000
    outer loop
      vertex -22.48274848 23.44718387 8.00000000
      vertex -22.28357836 22.79060799 8.00000000
      vertex -20.52820725 23.51770651 8.00000000
    endloop
  endfacet
  facet normal 0.00000000 0.00000000 1.00000000
    outer loop
      vertex -22.48274848 23.44718387 8.00000000
      vertex -20.52820725 23.51770651 8.00000000
      vertex -20.61925645 23.81785548 8.00000000
    endloop
  endfacet
  facet normal 0.00000000 0.00000000 -1.00000000
    outer loop
      vertex -22.48274848 23.44718387 3.00000000
      vertex -20.52820725 23.51770651 3.00000000
      vertex -22.28357836 22.79060799 3.00000000
    endloop
  endfacet
  facet normal 0.00000000 0.00000000 -1.00000000
    outer loop
      vertex -22.48274848 23.44718387 3.00000000
      vertex -20.61925645 23.81785548 3.00000000
      vertex -20.52820725 23.51770651 3.00000000
    endloop
  endfacet
  facet normal -0.88192126 -0.47139674 0.00000000
    outer loop
      vertex -22.28357836 22.79060799 3.00000000
      vertex -21.96014364 22.18550418 3.00000000
      vertex -21.96014364 22.18550418 8.00000000
    endloop
  endfacet
  facet normal -0.88192126 -0.47139674 0.00000000
    outer loop
      vertex -22.28357836 22.79060799 3.00000000
      vertex -21.96014364 22.18550418 8.00000000
      vertex -22.28357836 22.79060799 8.00000000
    endloop
  endfacet
  facet normal 0.88192126 0.47139674 0.00000000
    outer loop
      vertex -20.52820725 23.51770651 3.00000000
      vertex -20.38035138 23.24108763 8.00000000
      vertex -20.38035138 23.24108763 3.00000000
    endloop
  endfacet
  facet normal 0.88192126 0.47139674 -0.00000000
    outer loop
      vertex -20.52820725 23.51770651 3.00000000
      vertex -20.52820725 23.51770651 8.00000000
      vertex -20.38035138 23.24108763 8.00000000
    endloop
  endfacet
  facet normal -0.00000000 0.00000000 1.00000000
    outer loop
      vertex -22.28357836 22.79060799 8.00000000
      vertex -21.96014364 22.18550418 8.00000000
      vertex -20.38035138 23.24108763 8.00000000
    endloop
  endfacet
  facet normal 0.00000000 0.00000000 1.00000000
    outer loop
      vertex -22.28357836 22.79060799 8.00000000
      vertex -20.38035138 23.24108763 8.00000000
      vertex -20.52820725 23.51770651 8.00000000
    endloop
  endfacet
  facet normal 0.00000000 0.00000000 -1.00000000
    outer loop
      vertex -22.28357836 22.79060799 3.00000000
      vertex -20.38035138 23.24108763 3.00000000
      vertex -21.96014364 22.18550418 3.00000000
    endloop
  endfacet
  facet normal 0.00000000 0.00000000 -1.00000000
    outer loop
      vertex -22.28357836 22.79060799 3.00000000
      vertex -20.52820725 23.51770651 3.00000000
      vertex -20.38035138 23.24108763 3.00000000
    endloop
  endfacet
  facet normal -0.77301045 -0.63439328 0.00000000
    outer loop
      vertex -21.96014364 22.18550418 3.00000000
      vertex -21.52487373 21.65512627 3.00000000
      vertex -21.52487373 21.65512627 8.00000000
    endloop
  endfacet
  facet normal -0.77301045 -0.63439328 0.00000000
    outer loop
      vertex -21.96014364 22.18550418 3.00000000
      vertex -21.52487373 21.65512627 8.00000000
      vertex -21.96014364 22.18550418 8.00000000
    endloop
  endfacet
  facet normal 0.77301045 0.63439328 0.00000000
    outer loop
      vertex -20.38035138 23.24108763 3.00000000
      vertex -20.18137085 22.99862915 8.00000000
      vertex -20.18137085 22.99862915 3.00000000
    endloop
  endfacet
  facet normal 0.77301045 0.63439328 -0.00000000
    outer loop
      vertex -20.38035138 23.24108763 3.00000000
      vertex -20.38035138 23.24108763 8.00000000
      vertex -20.18137085 22.99862915 8.00000000
    endloop
  endfacet
  facet normal -0.00000000 0.00000000 1.00000000
    outer loop
      vertex -21.96014364 22.18550418 8.00000000
      vertex -21.52487373 21.65512627 8.00000000
      vertex -20.18137085 22.99862915 8.00000000
    endloop
  endfacet
  facet normal 0.00000000 0.00000000 1.00000000
    outer loop
      vertex -21.96014364 22.18550418 8.00000000
      vertex -20.18137085 22.99862915 8.00000000
      vertex -20.38035138 23.24108763 8.00000000
    endloop
  endfacet
  facet normal 0.00000000 0.00000000 -1.00000000
    outer loop
      vertex -21.96014364 22.18550418 3.00000000
      vertex -20.18137085 22.99862915 3.00000000
      vertex -21.52487373 21.65512627 3.00000000
    endloop
  endfacet
  facet normal 0.00000000 0.00000000 -1.00000000
    outer loop
      vertex -21.96014364 22.18550418 3.00000000
      vertex -20.38035138 23.24108763 3.00000000
      vertex -20.18137085 22.99862915 3.00000000
    endloop
  endfacet
  facet normal -0.63439328 -0.77301045 0.00000000
    outer loop
      vertex -21.52487373 21.65512627 3.00000000
      vertex -20.99449582 21.21985636 3.00000000
      vertex -20.99449582 21.21985636 8.00000000
    endloop
  endfacet
  facet normal -0.63439328 -0.77301045 0.00000000
    outer loop
      vertex -21.52487373 21.65512627 3.00000000
      vertex -20.99449582 21.21985636 8.00000000
      vertex -21.52487373 21.65512627 8.00000000
    endloop
  endfacet
  facet normal 0.63439328 0.77301045 0.00000000
    outer loop
      vertex -20.18137085 22.99862915 3.00000000
      vertex -19.93891237 22.79964862 8.00000000
      vertex -19.93891237 22.79964862 3.00000000
    endloop
  endfacet
  facet normal 0.63439328 0.77301045 -0.00000000
    outer loop
      vertex -20.18137085 22.99862915 3.00000000
      vertex -20.18137085 22.99862915 8.00000000
      vertex -19.93891237 22.79964862 8.00000000
    endloop
  endfacet
  facet normal -0.00000000 0.00000000 1.00000000
    outer loop
      vertex -21.52487373 21.65512627 8.00000000
      vertex -20.99449582 21.21985636 8.00000000
      vertex -19.93891237 22.79964862 8.00000000
    endloop
  endfacet
  facet normal 0.00000000 0.00000000 1.00000000
    outer loop
      vertex -21.52487373 21.65512627 8.00000000
      vertex -19.93891237 22.79964862 8.00000000
      vertex -20.18137085 22.99862915 8.00000000
    endloop
  endfacet
  facet normal 0.00000000 0.00000000 -1.00000000
    outer loop
      vertex -21.52487373 21.65512627 3.00000000
      vertex -19.93891237 22.79964862 3.00000000
      vertex -20.99449582 21.21985636 3.00000000
    endloop
  endfacet
  facet normal 0.00000000 0.00000000 -1.00000000
    outer loop
      vertex -21.52487373 21.65512627 3.00000000
      vertex -20.18137085 22.99862915 3.00000000
      vertex -19.93891237 22.79964862 3.00000000
    endloop
  endfacet
  facet normal -0.47139674 -0.88192126 0.00000000
    outer loop
      vertex -20.99449582 21.21985636 3.00000000
      vertex -20.38939201 20.89642164 3.00000000
      vertex -20.38939201 20.89642164 8.00000000
    endloop
  endfacet
  facet normal -0.47139674 -0.88192126 0.00000000
    outer loop
      vertex -20.99449582 21.21985636 3.00000000
      vertex -20.38939201 20.89642164 8.00000000
      vertex -20.99449582 21.21985636 8.00000000
    endloop
  endfacet
  facet normal 0.47139674 0.88192126 0.00000000
    outer loop
      vertex -19.93891237 22.79964862 3.00000000
      vertex -19.66229349 22.65179275 8.00000000
      vertex -19.66229349 22.65179275 3.00000000
    endloop
  endfacet
  facet normal 0.47139674 0.88192126 -0.00000000
    outer loop
      vertex -19.93891237 22.79964862 3.00000000
      vertex -19.93891237 22.79964862 8.00000000
      vertex -19.66229349 22.65179275 8.00000000
    endloop
  endfacet
  facet normal -0.00000000 0.00000000 1.00000000
    outer loop
      vertex -20.99449582 21.21985636 8.00000000
      vertex -20.38939201 20.89642164 8.00000000
      vertex -19.66229349 22.65179275 8.00000000
    endloop
  endfacet
  facet normal 0.00000000 0.00000000 1.00000000
    outer loop
      vertex -20.99449582 21.21985636 8.00000000
      vertex -19.66229349 22.65179275 8.00000000
      vertex -19.93891237 22.79964862 8.00000000
    endloop
  endfacet
  facet normal 0.00000000 0.00000000 -1.00000000
    outer loop
      vertex -20.99449582 21.21985636 3.00000000
      vertex -19.66229349 22.65179275 3.00000000
      vertex -20.38939201 20.89642164 3.00000000
    endloop
  endfacet
  facet normal 0.00000000 0.00000000 -1.00000000
    outer loop
      vertex -20.99449582 21.21985636 3.00000000
      vertex -19.93891237 22.79964862 3.00000000
      vertex -19.66229349 22.65179275 3.00000000
    endloop
  endfacet
  facet normal -0.29028468 -0.95694034 0.00000000
    outer loop
      vertex -20.38939201 20.89642164 3.00000000
      vertex -19.73281613 20.69725152 3.00000000
      vertex -19.73281613 20.69725152 8.00000000
    endloop
  endfacet
  facet normal -0.29028468 -0.95694034 0.00000000
    outer loop
      vertex -20.38939201 20.89642164 3.00000000
      vertex -19.73281613 20.69725152 8.00000000
      vertex -20.38939201 20.89642164 8.00000000
    endloop
  endfacet
  facet normal 0.29028468 0.95694034 0.00000000
    outer loop
      vertex -19.66229349 22.65179275 3.00000000
      vertex -19.36214452 22.56074355 8.00000000
      vertex -19.36214452 22.56074355 3.00000000
    endloop
  endfacet
  facet normal 0.29028468 0.95694034 -0.00000000
    outer loop
      vertex -19.66229349 22.65179275 3.00000000
      vertex -19.66229349 22.65179275 8.00000000
      vertex -19.36214452 22.56074355 8.00000000
    endloop
  endfacet
  facet normal -0.00000000 0.00000000 1.00000000
    outer loop
      vertex -20.38939201 20.89642164 8.00000000
      vertex -19.73281613 20.69725152 8.00000000
      vertex -19.36214452 22.56074355 8.00000000
    endloop
  endfacet
  facet normal 0.00000000 0.00000000 1.00000000
    outer loop
      vertex -20.38939201 20.89642164 8.00000000
      vertex -19.36214452 22.56074355 8.00000000
      vertex -19.66229349 22.65179275 8.00000000
    endloop
  endfacet
  facet normal 0.00000000 0.00000000 -1.00000000
    outer loop
      vertex -20.38939201 20.89642164 3.00000000
      vertex -19.36214452 22.56074355 3.00000000
      vertex -19.73281613 20.69725152 3.00000000
    endloop
  endfacet
  facet normal 0.00000000 0.00000000 -1.00000000
    outer loop
      vertex -20.38939201 20.89642164 3.00000000
      vertex -19.66229349 22.65179275 3.00000000
      vertex -19.36214452 22.56074355 3.00000000
    endloop
  endfacet
  facet normal -0.09801714 -0.99518473 0.00000000
    outer loop
      vertex -19.73281613 20.69725152 3.00000000
      vertex -19.05000000 20.63000000 3.00000000
      vertex -19.05000000 20.63000000 8.00000000
    endloop
  endfacet
  facet normal -0.09801714 -0.99518473 0.00000000
    outer loop
      vertex -19.73281613 20.69725152 3.00000000
      vertex -19.05000000 20.63000000 8.00000000
      vertex -19.73281613 20.69725152 8.00000000
    endloop
  endfacet
  facet normal 0.09801714 0.99518473 0.00000000
    outer loop
      vertex -19.36214452 22.56074355 3.00000000
      vertex -19.05000000 22.53000000 8.00000000
      vertex -19.05000000 22.53000000 3.00000000
    endloop
  endfacet
  facet normal 0.09801714 0.99518473 -0.00000000
    outer loop
      vertex -19.36214452 22.56074355 3.00000000
      vertex -19.36214452 22.56074355 8.00000000
      vertex -19.05000000 22.53000000 8.00000000
    endloop
  endfacet
  facet normal -0.00000000 0.00000000 1.00000000
    outer loop
      vertex -19.73281613 20.69725152 8.00000000
      vertex -19.05000000 20.63000000 8.00000000
      vertex -19.05000000 22.53000000 8.00000000
    endloop
  endfacet
  facet normal 0.00000000 0.00000000 1.00000000
    outer loop
      vertex -19.73281613 20.69725152 8.00000000
      vertex -19.05000000 22.53000000 8.00000000
      vertex -19.36214452 22.56074355 8.00000000
    endloop
  endfacet
  facet normal 0.00000000 0.00000000 -1.00000000
    outer loop
      vertex -19.73281613 20.69725152 3.00000000
      vertex -19.05000000 22.53000000 3.00000000
      vertex -19.05000000 20.63000000 3.00000000
    endloop
  endfacet
  facet normal 0.00000000 0.00000000 -1.00000000
    outer loop
      vertex -19.73281613 20.69725152 3.00000000
      vertex -19.36214452 22.56074355 3.00000000
      vertex -19.05000000 22.53000000 3.00000000
    endloop
  endfacet
  facet normal 0.09801714 -0.99518473 0.00000000
    outer loop
      vertex -19.05000000 20.63000000 3.00000000
      vertex -18.36718387 20.69725152 3.00000000
      vertex -18.36718387 20.69725152 8.00000000
    endloop
  endfacet
  facet normal 0.09801714 -0.99518473 0.00000000
    outer loop
      vertex -19.05000000 20.63000000 3.00000000
      vertex -18.36718387 20.69725152 8.00000000
      vertex -19.05000000 20.63000000 8.00000000
    endloop
  endfacet
  facet normal -0.09801714 0.99518473 0.00000000
    outer loop
      vertex -19.05000000 22.53000000 3.00000000
      vertex -18.73785548 22.56074355 8.00000000
      vertex -18.73785548 22.56074355 3.00000000
    endloop
  endfacet
  facet normal -0.09801714 0.99518473 0.00000000
    outer loop
      vertex -19.05000000 22.53000000 3.00000000
      vertex -19.05000000 22.53000000 8.00000000
      vertex -18.73785548 22.56074355 8.00000000
    endloop
  endfacet
  facet normal 0.00000000 0.00000000 1.00000000
    outer loop
      vertex -19.05000000 20.63000000 8.00000000
      vertex -18.36718387 20.69725152 8.00000000
      vertex -18.73785548 22.56074355 8.00000000
    endloop
  endfacet
  facet normal 0.00000000 0.00000000 1.00000000
    outer loop
      vertex -19.05000000 20.63000000 8.00000000
      vertex -18.73785548 22.56074355 8.00000000
      vertex -19.05000000 22.53000000 8.00000000
    endloop
  endfacet
  facet normal 0.00000000 0.00000000 -1.00000000
    outer loop
      vertex -19.05000000 20.63000000 3.00000000
      vertex -18.73785548 22.56074355 3.00000000
      vertex -18.36718387 20.69725152 3.00000000
    endloop
  endfacet
  facet normal 0.00000000 0.00000000 -1.00000000
    outer loop
      vertex -19.05000000 20.63000000 3.00000000
      vertex -19.05000000 22.53000000 3.00000000
      vertex -18.73785548 22.56074355 3.00000000
    endloop
  endfacet
  facet normal 0.29028468 -0.95694034 0.00000000
    outer loop
      vertex -18.36718387 20.69725152 3.00000000
      vertex -17.71060799 20.89642164 3.00000000
      vertex -17.71060799 20.89642164 8.00000000
    endloop
  endfacet
  facet normal 0.29028468 -0.95694034 0.00000000
    outer loop
      vertex -18.36718387 20.69725152 3.00000000
      vertex -17.71060799 20.89642164 8.00000000
      vertex -18.36718387 20.69725152 8.00000000
    endloop
  endfacet
  facet normal -0.29028468 0.95694034 0.00000000
    outer loop
      vertex -18.73785548 22.56074355 3.00000000
      vertex -18.43770651 22.65179275 8.00000000
      vertex -18.43770651 22.65179275 3.00000000
    endloop
  endfacet
  facet normal -0.29028468 0.95694034 0.00000000
    outer loop
      vertex -18.73785548 22.56074355 3.00000000
      vertex -18.73785548 22.56074355 8.00000000
      vertex -18.43770651 22.65179275 8.00000000
    endloop
  endfacet
  facet normal 0.00000000 -0.00000000 1.00000000
    outer loop
      vertex -18.36718387 20.69725152 8.00000000
      vertex -17.71060799 20.89642164 8.00000000
      vertex -18.43770651 22.65179275 8.00000000
    endloop
  endfacet
  facet normal 0.00000000 0.00000000 1.00000000
    outer loop
      vertex -18.36718387 20.69725152 8.00000000
      vertex -18.43770651 22.65179275 8.00000000
      vertex -18.73785548 22.56074355 8.00000000
    endloop
  endfacet
  facet normal 0.00000000 0.00000000 -1.00000000
    outer loop
      vertex -18.36718387 20.69725152 3.00000000
      vertex -18.43770651 22.65179275 3.00000000
      vertex -17.71060799 20.89642164 3.00000000
    endloop
  endfacet
  facet normal 0.00000000 0.00000000 -1.00000000
    outer loop
      vertex -18.36718387 20.69725152 3.00000000
      vertex -18.73785548 22.56074355 3.00000000
      vertex -18.43770651 22.65179275 3.00000000
    endloop
  endfacet
  facet normal 0.47139674 -0.88192126 0.00000000
    outer loop
      vertex -17.71060799 20.89642164 3.00000000
      vertex -17.10550418 21.21985636 3.00000000
      vertex -17.10550418 21.21985636 8.00000000
    endloop
  endfacet
  facet normal 0.47139674 -0.88192126 0.00000000
    outer loop
      vertex -17.71060799 20.89642164 3.00000000
      vertex -17.10550418 21.21985636 8.00000000
      vertex -17.71060799 20.89642164 8.00000000
    endloop
  endfacet
  facet normal -0.47139674 0.88192126 0.00000000
    outer loop
      vertex -18.43770651 22.65179275 3.00000000
      vertex -18.16108763 22.79964862 8.00000000
      vertex -18.16108763 22.79964862 3.00000000
    endloop
  endfacet
  facet normal -0.47139674 0.88192126 0.00000000
    outer loop
      vertex -18.43770651 22.65179275 3.00000000
      vertex -18.43770651 22.65179275 8.00000000
      vertex -18.16108763 22.79964862 8.00000000
    endloop
  endfacet
  facet normal 0.00000000 -0.00000000 1.00000000
    outer loop
      vertex -17.71060799 20.89642164 8.00000000
      vertex -17.10550418 21.21985636 8.00000000
      vertex -18.16108763 22.79964862 8.00000000
    endloop
  endfacet
  facet normal 0.00000000 0.00000000 1.00000000
    outer loop
      vertex -17.71060799 20.89642164 8.00000000
      vertex -18.16108763 22.79964862 8.00000000
      vertex -18.43770651 22.65179275 8.00000000
    endloop
  endfacet
  facet normal 0.00000000 0.00000000 -1.00000000
    outer loop
      vertex -17.71060799 20.89642164 3.00000000
      vertex -18.16108763 22.79964862 3.00000000
      vertex -17.10550418 21.21985636 3.00000000
    endloop
  endfacet
  facet normal 0.00000000 0.00000000 -1.00000000
    outer loop
      vertex -17.71060799 20.89642164 3.00000000
      vertex -18.43770651 22.65179275 3.00000000
      vertex -18.16108763 22.79964862 3.00000000
    endloop
  endfacet
  facet normal 0.63439328 -0.77301045 0.00000000
    outer loop
      vertex -17.10550418 21.21985636 3.00000000
      vertex -16.57512627 21.65512627 3.00000000
      vertex -16.57512627 21.65512627 8.00000000
    endloop
  endfacet
  facet normal 0.63439328 -0.77301045 0.00000000
    outer loop
      vertex -17.10550418 21.21985636 3.00000000
      vertex -16.57512627 21.65512627 8.00000000
      vertex -17.10550418 21.21985636 8.00000000
    endloop
  endfacet
  facet normal -0.63439328 0.77301045 0.00000000
    outer loop
      vertex -18.16108763 22.79964862 3.00000000
      vertex -17.91862915 22.99862915 8.00000000
      vertex -17.91862915 22.99862915 3.00000000
    endloop
  endfacet
  facet normal -0.63439328 0.77301045 0.00000000
    outer loop
      vertex -18.16108763 22.79964862 3.00000000
      vertex -18.16108763 22.79964862 8.00000000
      vertex -17.91862915 22.99862915 8.00000000
    endloop
  endfacet
  facet normal 0.00000000 -0.00000000 1.00000000
    outer loop
      vertex -17.10550418 21.21985636 8.00000000
      vertex -16.57512627 21.65512627 8.00000000
      vertex -17.91862915 22.99862915 8.00000000
    endloop
  endfacet
  facet normal 0.00000000 0.00000000 1.00000000
    outer loop
      vertex -17.10550418 21.21985636 8.00000000
      vertex -17.91862915 22.99862915 8.00000000
      vertex -18.16108763 22.79964862 8.00000000
    endloop
  endfacet
  facet normal 0.00000000 0.00000000 -1.00000000
    outer loop
      vertex -17.10550418 21.21985636 3.00000000
      vertex -17.91862915 22.99862915 3.00000000
      vertex -16.57512627 21.65512627 3.00000000
    endloop
  endfacet
  facet normal 0.00000000 0.00000000 -1.00000000
    outer loop
      vertex -17.10550418 21.21985636 3.00000000
      vertex -18.16108763 22.79964862 3.00000000
      vertex -17.91862915 22.99862915 3.00000000
    endloop
  endfacet
  facet normal 0.77301045 -0.63439328 0.00000000
    outer loop
      vertex -16.57512627 21.65512627 3.00000000
      vertex -16.13985636 22.18550418 3.00000000
      vertex -16.13985636 22.18550418 8.00000000
    endloop
  endfacet
  facet normal 0.77301045 -0.63439328 0.00000000
    outer loop
      vertex -16.57512627 21.65512627 3.00000000
      vertex -16.13985636 22.18550418 8.00000000
      vertex -16.57512627 21.65512627 8.00000000
    endloop
  endfacet
  facet normal -0.77301045 0.63439328 0.00000000
    outer loop
      vertex -17.91862915 22.99862915 3.00000000
      vertex -17.71964862 23.24108763 8.00000000
      vertex -17.71964862 23.24108763 3.00000000
    endloop
  endfacet
  facet normal -0.77301045 0.63439328 0.00000000
    outer loop
      vertex -17.91862915 22.99862915 3.00000000
      vertex -17.91862915 22.99862915 8.00000000
      vertex -17.71964862 23.24108763 8.00000000
    endloop
  endfacet
  facet normal 0.00000000 -0.00000000 1.00000000
    outer loop
      vertex -16.57512627 21.65512627 8.00000000
      vertex -16.13985636 22.18550418 8.00000000
      vertex -17.71964862 23.24108763 8.00000000
    endloop
  endfacet
  facet normal 0.00000000 0.00000000 1.00000000
    outer loop
      vertex -16.57512627 21.65512627 8.00000000
      vertex -17.71964862 23.24108763 8.00000000
      vertex -17.91862915 22.99862915 8.00000000
    endloop
  endfacet
  facet normal 0.00000000 0.00000000 -1.00000000
    outer loop
      vertex -16.57512627 21.65512627 3.00000000
      vertex -17.71964862 23.24108763 3.00000000
      vertex -16.13985636 22.18550418 3.00000000
    endloop
  endfacet
  facet normal 0.00000000 0.00000000 -1.00000000
    outer loop
      vertex -16.57512627 21.65512627 3.00000000
      vertex -17.91862915 22.99862915 3.00000000
      vertex -17.71964862 23.24108763 3.00000000
    endloop
  endfacet
  facet normal 0.88192126 -0.47139674 0.00000000
    outer loop
      vertex -16.13985636 22.18550418 3.00000000
      vertex -15.81642164 22.79060799 3.00000000
      vertex -15.81642164 22.79060799 8.00000000
    endloop
  endfacet
  facet normal 0.88192126 -0.47139674 0.00000000
    outer loop
      vertex -16.13985636 22.18550418 3.00000000
      vertex -15.81642164 22.79060799 8.00000000
      vertex -16.13985636 22.18550418 8.00000000
    endloop
  endfacet
  facet normal -0.88192126 0.47139674 0.00000000
    outer loop
      vertex -17.71964862 23.24108763 3.00000000
      vertex -17.57179275 23.51770651 8.00000000
      vertex -17.57179275 23.51770651 3.00000000
    endloop
  endfacet
  facet normal -0.88192126 0.47139674 0.00000000
    outer loop
      vertex -17.71964862 23.24108763 3.00000000
      vertex -17.71964862 23.24108763 8.00000000
      vertex -17.57179275 23.51770651 8.00000000
    endloop
  endfacet
  facet normal 0.00000000 -0.00000000 1.00000000
    outer loop
      vertex -16.13985636 22.18550418 8.00000000
      vertex -15.81642164 22.79060799 8.00000000
      vertex -17.57179275 23.51770651 8.00000000
    endloop
  endfacet
  facet normal 0.00000000 0.00000000 1.00000000
    outer loop
      vertex -16.13985636 22.18550418 8.00000000
      vertex -17.57179275 23.51770651 8.00000000
      vertex -17.71964862 23.24108763 8.00000000
    endloop
  endfacet
  facet normal 0.00000000 0.00000000 -1.00000000
    outer loop
      vertex -16.13985636 22.18550418 3.00000000
      vertex -17.57179275 23.51770651 3.00000000
      vertex -15.81642164 22.79060799 3.00000000
    endloop
  endfacet
  facet normal 0.00000000 0.00000000 -1.00000000
    outer loop
      vertex -16.13985636 22.18550418 3.00000000
      vertex -17.71964862 23.24108763 3.00000000
      vertex -17.57179275 23.51770651 3.00000000
    endloop
  endfacet
  facet normal 0.95694034 -0.29028468 0.00000000
    outer loop
      vertex -15.81642164 22.79060799 3.00000000
      vertex -15.61725152 23.44718387 3.00000000
      vertex -15.61725152 23.44718387 8.00000000
    endloop
  endfacet
  facet normal 0.95694034 -0.29028468 0.00000000
    outer loop
      vertex -15.81642164 22.79060799 3.00000000
      vertex -15.61725152 23.44718387 8.00000000
      vertex -15.81642164 22.79060799 8.00000000
    endloop
  endfacet
  facet normal -0.95694034 0.29028468 0.00000000
    outer loop
      vertex -17.57179275 23.51770651 3.00000000
      vertex -17.48074355 23.81785548 8.00000000
      vertex -17.48074355 23.81785548 3.00000000
    endloop
  endfacet
  facet normal -0.95694034 0.29028468 0.00000000
    outer loop
      vertex -17.57179275 23.51770651 3.00000000
      vertex -17.57179275 23.51770651 8.00000000
      vertex -17.48074355 23.81785548 8.00000000
    endloop
  endfacet
  facet normal 0.00000000 -0.00000000 1.00000000
    outer loop
      vertex -15.81642164 22.79060799 8.00000000
      vertex -15.61725152 23.44718387 8.00000000
      vertex -17.48074355 23.81785548 8.00000000
    endloop
  endfacet
  facet normal 0.00000000 0.00000000 1.00000000
    outer loop
      vertex -15.81642164 22.79060799 8.00000000
      vertex -17.48074355 23.81785548 8.00000000
      vertex -17.57179275 23.51770651 8.00000000
    endloop
  endfacet
  facet normal 0.00000000 0.00000000 -1.00000000
    outer loop
      vertex -15.81642164 22.79060799 3.00000000
      vertex -17.48074355 23.81785548 3.00000000
      vertex -15.61725152 23.44718387 3.00000000
    endloop
  endfacet
  facet normal 0.00000000 0.00000000 -1.00000000
    outer loop
      vertex -15.81642164 22.79060799 3.00000000
      vertex -17.57179275 23.51770651 3.00000000
      vertex -17.48074355 23.81785548 3.00000000
    endloop
  endfacet
  facet normal 0.99518473 -0.09801714 0.00000000
    outer loop
      vertex -15.61725152 23.44718387 3.00000000
      vertex -15.55000000 24.13000000 3.00000000
      vertex -15.55000000 24.13000000 8.00000000
    endloop
  endfacet
  facet normal 0.99518473 -0.09801714 0.00000000
    outer loop
      vertex -15.61725152 23.44718387 3.00000000
      vertex -15.55000000 24.13000000 8.00000000
      vertex -15.61725152 23.44718387 8.00000000
    endloop
  endfacet
  facet normal -0.99518473 0.09801714 0.00000000
    outer loop
      vertex -17.48074355 23.81785548 3.00000000
      vertex -17.45000000 24.13000000 8.00000000
      vertex -17.45000000 24.13000000 3.00000000
    endloop
  endfacet
  facet normal -0.99518473 0.09801714 0.00000000
    outer loop
      vertex -17.48074355 23.81785548 3.00000000
      vertex -17.48074355 23.81785548 8.00000000
      vertex -17.45000000 24.13000000 8.00000000
    endloop
  endfacet
  facet normal 0.00000000 -0.00000000 1.00000000
    outer loop
      vertex -15.61725152 23.44718387 8.00000000
      vertex -15.55000000 24.13000000 8.00000000
      vertex -17.45000000 24.13000000 8.00000000
    endloop
  endfacet
  facet normal 0.00000000 0.00000000 1.00000000
    outer loop
      vertex -15.61725152 23.44718387 8.00000000
      vertex -17.45000000 24.13000000 8.00000000
      vertex -17.48074355 23.81785548 8.00000000
    endloop
  endfacet
  facet normal 0.00000000 0.00000000 -1.00000000
    outer loop
      vertex -15.61725152 23.44718387 3.00000000
      vertex -17.45000000 24.13000000 3.00000000
      vertex -15.55000000 24.13000000 3.00000000
    endloop
  endfacet
  facet normal 0.00000000 0.00000000 -1.00000000
    outer loop
      vertex -15.61725152 23.44718387 3.00000000
      vertex -17.48074355 23.81785548 3.00000000
      vertex -17.45000000 24.13000000 3.00000000
    endloop
  endfacet
  facet normal 0.99518473 0.09801714 0.00000000
    outer loop
      vertex -16.82000000 -24.13000000 3.00000000
      vertex -16.88725152 -23.44718387 3.00000000
      vertex -16.88725152 -23.44718387 8.00000000
    endloop
  endfacet
  facet normal 0.99518473 0.09801714 -0.00000000
    outer loop
      vertex -16.82000000 -24.13000000 3.00000000
      vertex -16.88725152 -23.44718387 8.00000000
      vertex -16.82000000 -24.13000000 8.00000000
    endloop
  endfacet
  facet normal -0.99518473 -0.09801714 0.00000000
    outer loop
      vertex -18.72000000 -24.13000000 3.00000000
      vertex -18.75074355 -23.81785548 8.00000000
      vertex -18.75074355 -23.81785548 3.00000000
    endloop
  endfacet
  facet normal -0.99518473 -0.09801714 0.00000000
    outer loop
      vertex -18.72000000 -24.13000000 3.00000000
      vertex -18.72000000 -24.13000000 8.00000000
      vertex -18.75074355 -23.81785548 8.00000000
    endloop
  endfacet
  facet normal 0.00000000 0.00000000 1.00000000
    outer loop
      vertex -16.82000000 -24.13000000 8.00000000
      vertex -16.88725152 -23.44718387 8.00000000
      vertex -18.75074355 -23.81785548 8.00000000
    endloop
  endfacet
  facet normal 0.00000000 0.00000000 1.00000000
    outer loop
      vertex -16.82000000 -24.13000000 8.00000000
      vertex -18.75074355 -23.81785548 8.00000000
      vertex -18.72000000 -24.13000000 8.00000000
    endloop
  endfacet
  facet normal 0.00000000 0.00000000 -1.00000000
    outer loop
      vertex -16.82000000 -24.13000000 3.00000000
      vertex -18.75074355 -23.81785548 3.00000000
      vertex -16.88725152 -23.44718387 3.00000000
    endloop
  endfacet
  facet normal 0.00000000 0.00000000 -1.00000000
    outer loop
      vertex -16.82000000 -24.13000000 3.00000000
      vertex -18.72000000 -24.13000000 3.00000000
      vertex -18.75074355 -23.81785548 3.00000000
    endloop
  endfacet
  facet normal 0.95694034 0.29028468 0.00000000
    outer loop
      vertex -16.88725152 -23.44718387 3.00000000
      vertex -17.08642164 -22.79060799 3.00000000
      vertex -17.08642164 -22.79060799 8.00000000
    endloop
  endfacet
  facet normal 0.95694034 0.29028468 -0.00000000
    outer loop
      vertex -16.88725152 -23.44718387 3.00000000
      vertex -17.08642164 -22.79060799 8.00000000
      vertex -16.88725152 -23.44718387 8.00000000
    endloop
  endfacet
  facet normal -0.95694034 -0.29028468 0.00000000
    outer loop
      vertex -18.75074355 -23.81785548 3.00000000
      vertex -18.84179275 -23.51770651 8.00000000
      vertex -18.84179275 -23.51770651 3.00000000
    endloop
  endfacet
  facet normal -0.95694034 -0.29028468 0.00000000
    outer loop
      vertex -18.75074355 -23.81785548 3.00000000
      vertex -18.75074355 -23.81785548 8.00000000
      vertex -18.84179275 -23.51770651 8.00000000
    endloop
  endfacet
  facet normal 0.00000000 0.00000000 1.00000000
    outer loop
      vertex -16.88725152 -23.44718387 8.00000000
      vertex -17.08642164 -22.79060799 8.00000000
      vertex -18.84179275 -23.51770651 8.00000000
    endloop
  endfacet
  facet normal 0.00000000 0.00000000 1.00000000
    outer loop
      vertex -16.88725152 -23.44718387 8.00000000
      vertex -18.84179275 -23.51770651 8.00000000
      vertex -18.75074355 -23.81785548 8.00000000
    endloop
  endfacet
  facet normal -0.00000000 0.00000000 -1.00000000
    outer loop
      vertex -16.88725152 -23.44718387 3.00000000
      vertex -18.84179275 -23.51770651 3.00000000
      vertex -17.08642164 -22.79060799 3.00000000
    endloop
  endfacet
  facet normal 0.00000000 0.00000000 -1.00000000
    outer loop
      vertex -16.88725152 -23.44718387 3.00000000
      vertex -18.75074355 -23.81785548 3.00000000
      vertex -18.84179275 -23.51770651 3.00000000
    endloop
  endfacet
  facet normal 0.88192126 0.47139674 0.00000000
    outer loop
      vertex -17.08642164 -22.79060799 3.00000000
      vertex -17.40985636 -22.18550418 3.00000000
      vertex -17.40985636 -22.18550418 8.00000000
    endloop
  endfacet
  facet normal 0.88192126 0.47139674 -0.00000000
    outer loop
      vertex -17.08642164 -22.79060799 3.00000000
      vertex -17.40985636 -22.18550418 8.00000000
      vertex -17.08642164 -22.79060799 8.00000000
    endloop
  endfacet
  facet normal -0.88192126 -0.47139674 0.00000000
    outer loop
      vertex -18.84179275 -23.51770651 3.00000000
      vertex -18.98964862 -23.24108763 8.00000000
      vertex -18.98964862 -23.24108763 3.00000000
    endloop
  endfacet
  facet normal -0.88192126 -0.47139674 0.00000000
    outer loop
      vertex -18.84179275 -23.51770651 3.00000000
      vertex -18.84179275 -23.51770651 8.00000000
      vertex -18.98964862 -23.24108763 8.00000000
    endloop
  endfacet
  facet normal 0.00000000 0.00000000 1.00000000
    outer loop
      vertex -17.08642164 -22.79060799 8.00000000
      vertex -17.40985636 -22.18550418 8.00000000
      vertex -18.98964862 -23.24108763 8.00000000
    endloop
  endfacet
  facet normal 0.00000000 0.00000000 1.00000000
    outer loop
      vertex -17.08642164 -22.79060799 8.00000000
      vertex -18.98964862 -23.24108763 8.00000000
      vertex -18.84179275 -23.51770651 8.00000000
    endloop
  endfacet
  facet normal -0.00000000 0.00000000 -1.00000000
    outer loop
      vertex -17.08642164 -22.79060799 3.00000000
      vertex -18.98964862 -23.24108763 3.00000000
      vertex -17.40985636 -22.18550418 3.00000000
    endloop
  endfacet
  facet normal 0.00000000 0.00000000 -1.00000000
    outer loop
      vertex -17.08642164 -22.79060799 3.00000000
      vertex -18.84179275 -23.51770651 3.00000000
      vertex -18.98964862 -23.24108763 3.00000000
    endloop
  endfacet
  facet normal 0.77301045 0.63439328 0.00000000
    outer loop
      vertex -17.40985636 -22.18550418 3.00000000
      vertex -17.84512627 -21.65512627 3.00000000
      vertex -17.84512627 -21.65512627 8.00000000
    endloop
  endfacet
  facet normal 0.77301045 0.63439328 -0.00000000
    outer loop
      vertex -17.40985636 -22.18550418 3.00000000
      vertex -17.84512627 -21.65512627 8.00000000
      vertex -17.40985636 -22.18550418 8.00000000
    endloop
  endfacet
  facet normal -0.77301045 -0.63439328 0.00000000
    outer loop
      vertex -18.98964862 -23.24108763 3.00000000
      vertex -19.18862915 -22.99862915 8.00000000
      vertex -19.18862915 -22.99862915 3.00000000
    endloop
  endfacet
  facet normal -0.77301045 -0.63439328 0.00000000
    outer loop
      vertex -18.98964862 -23.24108763 3.00000000
      vertex -18.98964862 -23.24108763 8.00000000
      vertex -19.18862915 -22.99862915 8.00000000
    endloop
  endfacet
  facet normal 0.00000000 0.00000000 1.00000000
    outer loop
      vertex -17.40985636 -22.18550418 8.00000000
      vertex -17.84512627 -21.65512627 8.00000000
      vertex -19.18862915 -22.99862915 8.00000000
    endloop
  endfacet
  facet normal 0.00000000 0.00000000 1.00000000
    outer loop
      vertex -17.40985636 -22.18550418 8.00000000
      vertex -19.18862915 -22.99862915 8.00000000
      vertex -18.98964862 -23.24108763 8.00000000
    endloop
  endfacet
  facet normal -0.00000000 0.00000000 -1.00000000
    outer loop
      vertex -17.40985636 -22.18550418 3.00000000
      vertex -19.18862915 -22.99862915 3.00000000
      vertex -17.84512627 -21.65512627 3.00000000
    endloop
  endfacet
  facet normal 0.00000000 0.00000000 -1.00000000
    outer loop
      vertex -17.40985636 -22.18550418 3.00000000
      vertex -18.98964862 -23.24108763 3.00000000
      vertex -19.18862915 -22.99862915 3.00000000
    endloop
  endfacet
  facet normal 0.63439328 0.77301045 0.00000000
    outer loop
      vertex -17.84512627 -21.65512627 3.00000000
      vertex -18.37550418 -21.21985636 3.00000000
      vertex -18.37550418 -21.21985636 8.00000000
    endloop
  endfacet
  facet normal 0.63439328 0.77301045 -0.00000000
    outer loop
      vertex -17.84512627 -21.65512627 3.00000000
      vertex -18.37550418 -21.21985636 8.00000000
      vertex -17.84512627 -21.65512627 8.00000000
    endloop
  endfacet
  facet normal -0.63439328 -0.77301045 0.00000000
    outer loop
      vertex -19.18862915 -22.99862915 3.00000000
      vertex -19.43108763 -22.79964862 8.00000000
      vertex -19.43108763 -22.79964862 3.00000000
    endloop
  endfacet
  facet normal -0.63439328 -0.77301045 0.00000000
    outer loop
      vertex -19.18862915 -22.99862915 3.00000000
      vertex -19.18862915 -22.99862915 8.00000000
      vertex -19.43108763 -22.79964862 8.00000000
    endloop
  endfacet
  facet normal 0.00000000 0.00000000 1.00000000
    outer loop
      vertex -17.84512627 -21.65512627 8.00000000
      vertex -18.37550418 -21.21985636 8.00000000
      vertex -19.43108763 -22.79964862 8.00000000
    endloop
  endfacet
  facet normal 0.00000000 0.00000000 1.00000000
    outer loop
      vertex -17.84512627 -21.65512627 8.00000000
      vertex -19.43108763 -22.79964862 8.00000000
      vertex -19.18862915 -22.99862915 8.00000000
    endloop
  endfacet
  facet normal -0.00000000 0.00000000 -1.00000000
    outer loop
      vertex -17.84512627 -21.65512627 3.00000000
      vertex -19.43108763 -22.79964862 3.00000000
      vertex -18.37550418 -21.21985636 3.00000000
    endloop
  endfacet
  facet normal 0.00000000 0.00000000 -1.00000000
    outer loop
      vertex -17.84512627 -21.65512627 3.00000000
      vertex -19.18862915 -22.99862915 3.00000000
      vertex -19.43108763 -22.79964862 3.00000000
    endloop
  endfacet
  facet normal 0.47139674 0.88192126 0.00000000
    outer loop
      vertex -18.37550418 -21.21985636 3.00000000
      vertex -18.98060799 -20.89642164 3.00000000
      vertex -18.98060799 -20.89642164 8.00000000
    endloop
  endfacet
  facet normal 0.47139674 0.88192126 -0.00000000
    outer loop
      vertex -18.37550418 -21.21985636 3.00000000
      vertex -18.98060799 -20.89642164 8.00000000
      vertex -18.37550418 -21.21985636 8.00000000
    endloop
  endfacet
  facet normal -0.47139674 -0.88192126 0.00000000
    outer loop
      vertex -19.43108763 -22.79964862 3.00000000
      vertex -19.70770651 -22.65179275 8.00000000
      vertex -19.70770651 -22.65179275 3.00000000
    endloop
  endfacet
  facet normal -0.47139674 -0.88192126 0.00000000
    outer loop
      vertex -19.43108763 -22.79964862 3.00000000
      vertex -19.43108763 -22.79964862 8.00000000
      vertex -19.70770651 -22.65179275 8.00000000
    endloop
  endfacet
  facet normal 0.00000000 0.00000000 1.00000000
    outer loop
      vertex -18.37550418 -21.21985636 8.00000000
      vertex -18.98060799 -20.89642164 8.00000000
      vertex -19.70770651 -22.65179275 8.00000000
    endloop
  endfacet
  facet normal 0.00000000 0.00000000 1.00000000
    outer loop
      vertex -18.37550418 -21.21985636 8.00000000
      vertex -19.70770651 -22.65179275 8.00000000
      vertex -19.43108763 -22.79964862 8.00000000
    endloop
  endfacet
  facet normal -0.00000000 0.00000000 -1.00000000
    outer loop
      vertex -18.37550418 -21.21985636 3.00000000
      vertex -19.70770651 -22.65179275 3.00000000
      vertex -18.98060799 -20.89642164 3.00000000
    endloop
  endfacet
  facet normal 0.00000000 0.00000000 -1.00000000
    outer loop
      vertex -18.37550418 -21.21985636 3.00000000
      vertex -19.43108763 -22.79964862 3.00000000
      vertex -19.70770651 -22.65179275 3.00000000
    endloop
  endfacet
  facet normal 0.29028468 0.95694034 0.00000000
    outer loop
      vertex -18.98060799 -20.89642164 3.00000000
      vertex -19.63718387 -20.69725152 3.00000000
      vertex -19.63718387 -20.69725152 8.00000000
    endloop
  endfacet
  facet normal 0.29028468 0.95694034 -0.00000000
    outer loop
      vertex -18.98060799 -20.89642164 3.00000000
      vertex -19.63718387 -20.69725152 8.00000000
      vertex -18.98060799 -20.89642164 8.00000000
    endloop
  endfacet
  facet normal -0.29028468 -0.95694034 0.00000000
    outer loop
      vertex -19.70770651 -22.65179275 3.00000000
      vertex -20.00785548 -22.56074355 8.00000000
      vertex -20.00785548 -22.56074355 3.00000000
    endloop
  endfacet
  facet normal -0.29028468 -0.95694034 0.00000000
    outer loop
      vertex -19.70770651 -22.65179275 3.00000000
      vertex -19.70770651 -22.65179275 8.00000000
      vertex -20.00785548 -22.56074355 8.00000000
    endloop
  endfacet
  facet normal 0.00000000 0.00000000 1.00000000
    outer loop
      vertex -18.98060799 -20.89642164 8.00000000
      vertex -19.63718387 -20.69725152 8.00000000
      vertex -20.00785548 -22.56074355 8.00000000
    endloop
  endfacet
  facet normal 0.00000000 0.00000000 1.00000000
    outer loop
      vertex -18.98060799 -20.89642164 8.00000000
      vertex -20.00785548 -22.56074355 8.00000000
      vertex -19.70770651 -22.65179275 8.00000000
    endloop
  endfacet
  facet normal -0.00000000 0.00000000 -1.00000000
    outer loop
      vertex -18.98060799 -20.89642164 3.00000000
      vertex -20.00785548 -22.56074355 3.00000000
      vertex -19.63718387 -20.69725152 3.00000000
    endloop
  endfacet
  facet normal 0.00000000 0.00000000 -1.00000000
    outer loop
      vertex -18.98060799 -20.89642164 3.00000000
      vertex -19.70770651 -22.65179275 3.00000000
      vertex -20.00785548 -22.56074355 3.00000000
    endloop
  endfacet
  facet normal 0.09801714 0.99518473 0.00000000
    outer loop
      vertex -19.63718387 -20.69725152 3.00000000
      vertex -20.32000000 -20.63000000 3.00000000
      vertex -20.32000000 -20.63000000 8.00000000
    endloop
  endfacet
  facet normal 0.09801714 0.99518473 -0.00000000
    outer loop
      vertex -19.63718387 -20.69725152 3.00000000
      vertex -20.32000000 -20.63000000 8.00000000
      vertex -19.63718387 -20.69725152 8.00000000
    endloop
  endfacet
  facet normal -0.09801714 -0.99518473 0.00000000
    outer loop
      vertex -20.00785548 -22.56074355 3.00000000
      vertex -20.32000000 -22.53000000 8.00000000
      vertex -20.32000000 -22.53000000 3.00000000
    endloop
  endfacet
  facet normal -0.09801714 -0.99518473 0.00000000
    outer loop
      vertex -20.00785548 -22.56074355 3.00000000
      vertex -20.00785548 -22.56074355 8.00000000
      vertex -20.32000000 -22.53000000 8.00000000
    endloop
  endfacet
  facet normal 0.00000000 0.00000000 1.00000000
    outer loop
      vertex -19.63718387 -20.69725152 8.00000000
      vertex -20.32000000 -20.63000000 8.00000000
      vertex -20.32000000 -22.53000000 8.00000000
    endloop
  endfacet
  facet normal 0.00000000 0.00000000 1.00000000
    outer loop
      vertex -19.63718387 -20.69725152 8.00000000
      vertex -20.32000000 -22.53000000 8.00000000
      vertex -20.00785548 -22.56074355 8.00000000
    endloop
  endfacet
  facet normal -0.00000000 0.00000000 -1.00000000
    outer loop
      vertex -19.63718387 -20.69725152 3.00000000
      vertex -20.32000000 -22.53000000 3.00000000
      vertex -20.32000000 -20.63000000 3.00000000
    endloop
  endfacet
  facet normal 0.00000000 0.00000000 -1.00000000
    outer loop
      vertex -19.63718387 -20.69725152 3.00000000
      vertex -20.00785548 -22.56074355 3.00000000
      vertex -20.32000000 -22.53000000 3.00000000
    endloop
  endfacet
  facet normal -0.09801714 0.99518473 0.00000000
    outer loop
      vertex -20.32000000 -20.63000000 3.00000000
      vertex -21.00281613 -20.69725152 3.00000000
      vertex -21.00281613 -20.69725152 8.00000000
    endloop
  endfacet
  facet normal -0.09801714 0.99518473 0.00000000
    outer loop
      vertex -20.32000000 -20.63000000 3.00000000
      vertex -21.00281613 -20.69725152 8.00000000
      vertex -20.32000000 -20.63000000 8.00000000
    endloop
  endfacet
  facet normal 0.09801714 -0.99518473 0.00000000
    outer loop
      vertex -20.32000000 -22.53000000 3.00000000
      vertex -20.63214452 -22.56074355 8.00000000
      vertex -20.63214452 -22.56074355 3.00000000
    endloop
  endfacet
  facet normal 0.09801714 -0.99518473 0.00000000
    outer loop
      vertex -20.32000000 -22.53000000 3.00000000
      vertex -20.32000000 -22.53000000 8.00000000
      vertex -20.63214452 -22.56074355 8.00000000
    endloop
  endfacet
  facet normal 0.00000000 0.00000000 1.00000000
    outer loop
      vertex -20.32000000 -20.63000000 8.00000000
      vertex -21.00281613 -20.69725152 8.00000000
      vertex -20.63214452 -22.56074355 8.00000000
    endloop
  endfacet
  facet normal 0.00000000 0.00000000 1.00000000
    outer loop
      vertex -20.32000000 -20.63000000 8.00000000
      vertex -20.63214452 -22.56074355 8.00000000
      vertex -20.32000000 -22.53000000 8.00000000
    endloop
  endfacet
  facet normal 0.00000000 0.00000000 -1.00000000
    outer loop
      vertex -20.32000000 -20.63000000 3.00000000
      vertex -20.63214452 -22.56074355 3.00000000
      vertex -21.00281613 -20.69725152 3.00000000
    endloop
  endfacet
  facet normal 0.00000000 -0.00000000 -1.00000000
    outer loop
      vertex -20.32000000 -20.63000000 3.00000000
      vertex -20.32000000 -22.53000000 3.00000000
      vertex -20.63214452 -22.56074355 3.00000000
    endloop
  endfacet
  facet normal -0.29028468 0.95694034 0.00000000
    outer loop
      vertex -21.00281613 -20.69725152 3.00000000
      vertex -21.65939201 -20.89642164 3.00000000
      vertex -21.65939201 -20.89642164 8.00000000
    endloop
  endfacet
  facet normal -0.29028468 0.95694034 0.00000000
    outer loop
      vertex -21.00281613 -20.69725152 3.00000000
      vertex -21.65939201 -20.89642164 8.00000000
      vertex -21.00281613 -20.69725152 8.00000000
    endloop
  endfacet
  facet normal 0.29028468 -0.95694034 0.00000000
    outer loop
      vertex -20.63214452 -22.56074355 3.00000000
      vertex -20.93229349 -22.65179275 8.00000000
      vertex -20.93229349 -22.65179275 3.00000000
    endloop
  endfacet
  facet normal 0.29028468 -0.95694034 0.00000000
    outer loop
      vertex -20.63214452 -22.56074355 3.00000000
      vertex -20.63214452 -22.56074355 8.00000000
      vertex -20.93229349 -22.65179275 8.00000000
    endloop
  endfacet
  facet normal 0.00000000 0.00000000 1.00000000
    outer loop
      vertex -21.00281613 -20.69725152 8.00000000
      vertex -21.65939201 -20.89642164 8.00000000
      vertex -20.93229349 -22.65179275 8.00000000
    endloop
  endfacet
  facet normal 0.00000000 0.00000000 1.00000000
    outer loop
      vertex -21.00281613 -20.69725152 8.00000000
      vertex -20.93229349 -22.65179275 8.00000000
      vertex -20.63214452 -22.56074355 8.00000000
    endloop
  endfacet
  facet normal 0.00000000 -0.00000000 -1.00000000
    outer loop
      vertex -21.00281613 -20.69725152 3.00000000
      vertex -20.93229349 -22.65179275 3.00000000
      vertex -21.65939201 -20.89642164 3.00000000
    endloop
  endfacet
  facet normal 0.00000000 0.00000000 -1.00000000
    outer loop
      vertex -21.00281613 -20.69725152 3.00000000
      vertex -20.63214452 -22.56074355 3.00000000
      vertex -20.93229349 -22.65179275 3.00000000
    endloop
  endfacet
  facet normal -0.47139674 0.88192126 0.00000000
    outer loop
      vertex -21.65939201 -20.89642164 3.00000000
      vertex -22.26449582 -21.21985636 3.00000000
      vertex -22.26449582 -21.21985636 8.00000000
    endloop
  endfacet
  facet normal -0.47139674 0.88192126 0.00000000
    outer loop
      vertex -21.65939201 -20.89642164 3.00000000
      vertex -22.26449582 -21.21985636 8.00000000
      vertex -21.65939201 -20.89642164 8.00000000
    endloop
  endfacet
  facet normal 0.47139674 -0.88192126 0.00000000
    outer loop
      vertex -20.93229349 -22.65179275 3.00000000
      vertex -21.20891237 -22.79964862 8.00000000
      vertex -21.20891237 -22.79964862 3.00000000
    endloop
  endfacet
  facet normal 0.47139674 -0.88192126 0.00000000
    outer loop
      vertex -20.93229349 -22.65179275 3.00000000
      vertex -20.93229349 -22.65179275 8.00000000
      vertex -21.20891237 -22.79964862 8.00000000
    endloop
  endfacet
  facet normal 0.00000000 0.00000000 1.00000000
    outer loop
      vertex -21.65939201 -20.89642164 8.00000000
      vertex -22.26449582 -21.21985636 8.00000000
      vertex -21.20891237 -22.79964862 8.00000000
    endloop
  endfacet
  facet normal 0.00000000 0.00000000 1.00000000
    outer loop
      vertex -21.65939201 -20.89642164 8.00000000
      vertex -21.20891237 -22.79964862 8.00000000
      vertex -20.93229349 -22.65179275 8.00000000
    endloop
  endfacet
  facet normal 0.00000000 -0.00000000 -1.00000000
    outer loop
      vertex -21.65939201 -20.89642164 3.00000000
      vertex -21.20891237 -22.79964862 3.00000000
      vertex -22.26449582 -21.21985636 3.00000000
    endloop
  endfacet
  facet normal 0.00000000 0.00000000 -1.00000000
    outer loop
      vertex -21.65939201 -20.89642164 3.00000000
      vertex -20.93229349 -22.65179275 3.00000000
      vertex -21.20891237 -22.79964862 3.00000000
    endloop
  endfacet
  facet normal -0.63439328 0.77301045 0.00000000
    outer loop
      vertex -22.26449582 -21.21985636 3.00000000
      vertex -22.79487373 -21.65512627 3.00000000
      vertex -22.79487373 -21.65512627 8.00000000
    endloop
  endfacet
  facet normal -0.63439328 0.77301045 0.00000000
    outer loop
      vertex -22.26449582 -21.21985636 3.00000000
      vertex -22.79487373 -21.65512627 8.00000000
      vertex -22.26449582 -21.21985636 8.00000000
    endloop
  endfacet
  facet normal 0.63439328 -0.77301045 0.00000000
    outer loop
      vertex -21.20891237 -22.79964862 3.00000000
      vertex -21.45137085 -22.99862915 8.00000000
      vertex -21.45137085 -22.99862915 3.00000000
    endloop
  endfacet
  facet normal 0.63439328 -0.77301045 0.00000000
    outer loop
      vertex -21.20891237 -22.79964862 3.00000000
      vertex -21.20891237 -22.79964862 8.00000000
      vertex -21.45137085 -22.99862915 8.00000000
    endloop
  endfacet
  facet normal 0.00000000 0.00000000 1.00000000
    outer loop
      vertex -22.26449582 -21.21985636 8.00000000
      vertex -22.79487373 -21.65512627 8.00000000
      vertex -21.45137085 -22.99862915 8.00000000
    endloop
  endfacet
  facet normal 0.00000000 0.00000000 1.00000000
    outer loop
      vertex -22.26449582 -21.21985636 8.00000000
      vertex -21.45137085 -22.99862915 8.00000000
      vertex -21.20891237 -22.79964862 8.00000000
    endloop
  endfacet
  facet normal 0.00000000 -0.00000000 -1.00000000
    outer loop
      vertex -22.26449582 -21.21985636 3.00000000
      vertex -21.45137085 -22.99862915 3.00000000
      vertex -22.79487373 -21.65512627 3.00000000
    endloop
  endfacet
  facet normal 0.00000000 0.00000000 -1.00000000
    outer loop
      vertex -22.26449582 -21.21985636 3.00000000
      vertex -21.20891237 -22.79964862 3.00000000
      vertex -21.45137085 -22.99862915 3.00000000
    endloop
  endfacet
  facet normal -0.77301045 0.63439328 0.00000000
    outer loop
      vertex -22.79487373 -21.65512627 3.00000000
      vertex -23.23014364 -22.18550418 3.00000000
      vertex -23.23014364 -22.18550418 8.00000000
    endloop
  endfacet
  facet normal -0.77301045 0.63439328 0.00000000
    outer loop
      vertex -22.79487373 -21.65512627 3.00000000
      vertex -23.23014364 -22.18550418 8.00000000
      vertex -22.79487373 -21.65512627 8.00000000
    endloop
  endfacet
  facet normal 0.77301045 -0.63439328 0.00000000
    outer loop
      vertex -21.45137085 -22.99862915 3.00000000
      vertex -21.65035138 -23.24108763 8.00000000
      vertex -21.65035138 -23.24108763 3.00000000
    endloop
  endfacet
  facet normal 0.77301045 -0.63439328 0.00000000
    outer loop
      vertex -21.45137085 -22.99862915 3.00000000
      vertex -21.45137085 -22.99862915 8.00000000
      vertex -21.65035138 -23.24108763 8.00000000
    endloop
  endfacet
  facet normal 0.00000000 0.00000000 1.00000000
    outer loop
      vertex -22.79487373 -21.65512627 8.00000000
      vertex -23.23014364 -22.18550418 8.00000000
      vertex -21.65035138 -23.24108763 8.00000000
    endloop
  endfacet
  facet normal 0.00000000 0.00000000 1.00000000
    outer loop
      vertex -22.79487373 -21.65512627 8.00000000
      vertex -21.65035138 -23.24108763 8.00000000
      vertex -21.45137085 -22.99862915 8.00000000
    endloop
  endfacet
  facet normal 0.00000000 -0.00000000 -1.00000000
    outer loop
      vertex -22.79487373 -21.65512627 3.00000000
      vertex -21.65035138 -23.24108763 3.00000000
      vertex -23.23014364 -22.18550418 3.00000000
    endloop
  endfacet
  facet normal 0.00000000 0.00000000 -1.00000000
    outer loop
      vertex -22.79487373 -21.65512627 3.00000000
      vertex -21.45137085 -22.99862915 3.00000000
      vertex -21.65035138 -23.24108763 3.00000000
    endloop
  endfacet
  facet normal -0.88192126 0.47139674 0.00000000
    outer loop
      vertex -23.23014364 -22.18550418 3.00000000
      vertex -23.55357836 -22.79060799 3.00000000
      vertex -23.55357836 -22.79060799 8.00000000
    endloop
  endfacet
  facet normal -0.88192126 0.47139674 0.00000000
    outer loop
      vertex -23.23014364 -22.18550418 3.00000000
      vertex -23.55357836 -22.79060799 8.00000000
      vertex -23.23014364 -22.18550418 8.00000000
    endloop
  endfacet
  facet normal 0.88192126 -0.47139674 0.00000000
    outer loop
      vertex -21.65035138 -23.24108763 3.00000000
      vertex -21.79820725 -23.51770651 8.00000000
      vertex -21.79820725 -23.51770651 3.00000000
    endloop
  endfacet
  facet normal 0.88192126 -0.47139674 0.00000000
    outer loop
      vertex -21.65035138 -23.24108763 3.00000000
      vertex -21.65035138 -23.24108763 8.00000000
      vertex -21.79820725 -23.51770651 8.00000000
    endloop
  endfacet
  facet normal 0.00000000 0.00000000 1.00000000
    outer loop
      vertex -23.23014364 -22.18550418 8.00000000
      vertex -23.55357836 -22.79060799 8.00000000
      vertex -21.79820725 -23.51770651 8.00000000
    endloop
  endfacet
  facet normal 0.00000000 0.00000000 1.00000000
    outer loop
      vertex -23.23014364 -22.18550418 8.00000000
      vertex -21.79820725 -23.51770651 8.00000000
      vertex -21.65035138 -23.24108763 8.00000000
    endloop
  endfacet
  facet normal 0.00000000 -0.00000000 -1.00000000
    outer loop
      vertex -23.23014364 -22.18550418 3.00000000
      vertex -21.79820725 -23.51770651 3.00000000
      vertex -23.55357836 -22.79060799 3.00000000
    endloop
  endfacet
  facet normal 0.00000000 0.00000000 -1.00000000
    outer loop
      vertex -23.23014364 -22.18550418 3.00000000
      vertex -21.65035138 -23.24108763 3.00000000
      vertex -21.79820725 -23.51770651 3.00000000
    endloop
  endfacet
  facet normal -0.95694034 0.29028468 0.00000000
    outer loop
      vertex -23.55357836 -22.79060799 3.00000000
      vertex -23.75274848 -23.44718387 3.00000000
      vertex -23.75274848 -23.44718387 8.00000000
    endloop
  endfacet
  facet normal -0.95694034 0.29028468 0.00000000
    outer loop
      vertex -23.55357836 -22.79060799 3.00000000
      vertex -23.75274848 -23.44718387 8.00000000
      vertex -23.55357836 -22.79060799 8.00000000
    endloop
  endfacet
  facet normal 0.95694034 -0.29028468 0.00000000
    outer loop
      vertex -21.79820725 -23.51770651 3.00000000
      vertex -21.88925645 -23.81785548 8.00000000
      vertex -21.88925645 -23.81785548 3.00000000
    endloop
  endfacet
  facet normal 0.95694034 -0.29028468 0.00000000
    outer loop
      vertex -21.79820725 -23.51770651 3.00000000
      vertex -21.79820725 -23.51770651 8.00000000
      vertex -21.88925645 -23.81785548 8.00000000
    endloop
  endfacet
  facet normal 0.00000000 0.00000000 1.00000000
    outer loop
      vertex -23.55357836 -22.79060799 8.00000000
      vertex -23.75274848 -23.44718387 8.00000000
      vertex -21.88925645 -23.81785548 8.00000000
    endloop
  endfacet
  facet normal 0.00000000 0.00000000 1.00000000
    outer loop
      vertex -23.55357836 -22.79060799 8.00000000
      vertex -21.88925645 -23.81785548 8.00000000
      vertex -21.79820725 -23.51770651 8.00000000
    endloop
  endfacet
  facet normal 0.00000000 -0.00000000 -1.00000000
    outer loop
      vertex -23.55357836 -22.79060799 3.00000000
      vertex -21.88925645 -23.81785548 3.00000000
      vertex -23.75274848 -23.44718387 3.00000000
    endloop
  endfacet
  facet normal 0.00000000 0.00000000 -1.00000000
    outer loop
      vertex -23.55357836 -22.79060799 3.00000000
      vertex -21.79820725 -23.51770651 3.00000000
      vertex -21.88925645 -23.81785548 3.00000000
    endloop
  endfacet
  facet normal -0.99518473 0.09801714 0.00000000
    outer loop
      vertex -23.75274848 -23.44718387 3.00000000
      vertex -23.82000000 -24.13000000 3.00000000
      vertex -23.82000000 -24.13000000 8.00000000
    endloop
  endfacet
  facet normal -0.99518473 0.09801714 0.00000000
    outer loop
      vertex -23.75274848 -23.44718387 3.00000000
      vertex -23.82000000 -24.13000000 8.00000000
      vertex -23.75274848 -23.44718387 8.00000000
    endloop
  endfacet
  facet normal 0.99518473 -0.09801714 0.00000000
    outer loop
      vertex -21.88925645 -23.81785548 3.00000000
      vertex -21.92000000 -24.13000000 8.00000000
      vertex -21.92000000 -24.13000000 3.00000000
    endloop
  endfacet
  facet normal 0.99518473 -0.09801714 0.00000000
    outer loop
      vertex -21.88925645 -23.81785548 3.00000000
      vertex -21.88925645 -23.81785548 8.00000000
      vertex -21.92000000 -24.13000000 8.00000000
    endloop
  endfacet
  facet normal 0.00000000 0.00000000 1.00000000
    outer loop
      vertex -23.75274848 -23.44718387 8.00000000
      vertex -23.82000000 -24.13000000 8.00000000
      vertex -21.92000000 -24.13000000 8.00000000
    endloop
  endfacet
  facet normal 0.00000000 0.00000000 1.00000000
    outer loop
      vertex -23.75274848 -23.44718387 8.00000000
      vertex -21.92000000 -24.13000000 8.00000000
      vertex -21.88925645 -23.81785548 8.00000000
    endloop
  endfacet
  facet normal 0.00000000 -0.00000000 -1.00000000
    outer loop
      vertex -23.75274848 -23.44718387 3.00000000
      vertex -21.92000000 -24.13000000 3.00000000
      vertex -23.82000000 -24.13000000 3.00000000
    endloop
  endfacet
  facet normal 0.00000000 0.00000000 -1.00000000
    outer loop
      vertex -23.75274848 -23.44718387 3.00000000
      vertex -21.88925645 -23.81785548 3.00000000
      vertex -21.92000000 -24.13000000 3.00000000
    endloop
  endfacet
  facet normal -0.99518473 -0.09801714 0.00000000
    outer loop
      vertex -23.82000000 -24.13000000 3.00000000
      vertex -23.75274848 -24.81281613 3.00000000
      vertex -23.75274848 -24.81281613 8.00000000
    endloop
  endfacet
  facet normal -0.99518473 -0.09801714 0.00000000
    outer loop
      vertex -23.82000000 -24.13000000 3.00000000
      vertex -23.75274848 -24.81281613 8.00000000
      vertex -23.82000000 -24.13000000 8.00000000
    endloop
  endfacet
  facet normal 0.99518473 0.09801714 0.00000000
    outer loop
      vertex -21.92000000 -24.13000000 3.00000000
      vertex -21.88925645 -24.44214452 8.00000000
      vertex -21.88925645 -24.44214452 3.00000000
    endloop
  endfacet
  facet normal 0.99518473 0.09801714 -0.00000000
    outer loop
      vertex -21.92000000 -24.13000000 3.00000000
      vertex -21.92000000 -24.13000000 8.00000000
      vertex -21.88925645 -24.44214452 8.00000000
    endloop
  endfacet
  facet normal 0.00000000 0.00000000 1.00000000
    outer loop
      vertex -23.82000000 -24.13000000 8.00000000
      vertex -23.75274848 -24.81281613 8.00000000
      vertex -21.88925645 -24.44214452 8.00000000
    endloop
  endfacet
  facet normal -0.00000000 0.00000000 1.00000000
    outer loop
      vertex -23.82000000 -24.13000000 8.00000000
      vertex -21.88925645 -24.44214452 8.00000000
      vertex -21.92000000 -24.13000000 8.00000000
    endloop
  endfacet
  facet normal 0.00000000 0.00000000 -1.00000000
    outer loop
      vertex -23.82000000 -24.13000000 3.00000000
      vertex -21.88925645 -24.44214452 3.00000000
      vertex -23.75274848 -24.81281613 3.00000000
    endloop
  endfacet
  facet normal 0.00000000 0.00000000 -1.00000000
    outer loop
      vertex -23.82000000 -24.13000000 3.00000000
      vertex -21.92000000 -24.13000000 3.00000000
      vertex -21.88925645 -24.44214452 3.00000000
    endloop
  endfacet
  facet normal -0.95694034 -0.29028468 0.00000000
    outer loop
      vertex -23.75274848 -24.81281613 3.00000000
      vertex -23.55357836 -25.46939201 3.00000000
      vertex -23.55357836 -25.46939201 8.00000000
    endloop
  endfacet
  facet normal -0.95694034 -0.29028468 0.00000000
    outer loop
      vertex -23.75274848 -24.81281613 3.00000000
      vertex -23.55357836 -25.46939201 8.00000000
      vertex -23.75274848 -24.81281613 8.00000000
    endloop
  endfacet
  facet normal 0.95694034 0.29028468 0.00000000
    outer loop
      vertex -21.88925645 -24.44214452 3.00000000
      vertex -21.79820725 -24.74229349 8.00000000
      vertex -21.79820725 -24.74229349 3.00000000
    endloop
  endfacet
  facet normal 0.95694034 0.29028468 -0.00000000
    outer loop
      vertex -21.88925645 -24.44214452 3.00000000
      vertex -21.88925645 -24.44214452 8.00000000
      vertex -21.79820725 -24.74229349 8.00000000
    endloop
  endfacet
  facet normal -0.00000000 0.00000000 1.00000000
    outer loop
      vertex -23.75274848 -24.81281613 8.00000000
      vertex -23.55357836 -25.46939201 8.00000000
      vertex -21.79820725 -24.74229349 8.00000000
    endloop
  endfacet
  facet normal 0.00000000 0.00000000 1.00000000
    outer loop
      vertex -23.75274848 -24.81281613 8.00000000
      vertex -21.79820725 -24.74229349 8.00000000
      vertex -21.88925645 -24.44214452 8.00000000
    endloop
  endfacet
  facet normal 0.00000000 0.00000000 -1.00000000
    outer loop
      vertex -23.75274848 -24.81281613 3.00000000
      vertex -21.79820725 -24.74229349 3.00000000
      vertex -23.55357836 -25.46939201 3.00000000
    endloop
  endfacet
  facet normal 0.00000000 0.00000000 -1.00000000
    outer loop
      vertex -23.75274848 -24.81281613 3.00000000
      vertex -21.88925645 -24.44214452 3.00000000
      vertex -21.79820725 -24.74229349 3.00000000
    endloop
  endfacet
  facet normal -0.88192126 -0.47139674 0.00000000
    outer loop
      vertex -23.55357836 -25.46939201 3.00000000
      vertex -23.23014364 -26.07449582 3.00000000
      vertex -23.23014364 -26.07449582 8.00000000
    endloop
  endfacet
  facet normal -0.88192126 -0.47139674 0.00000000
    outer loop
      vertex -23.55357836 -25.46939201 3.00000000
      vertex -23.23014364 -26.07449582 8.00000000
      vertex -23.55357836 -25.46939201 8.00000000
    endloop
  endfacet
  facet normal 0.88192126 0.47139674 0.00000000
    outer loop
      vertex -21.79820725 -24.74229349 3.00000000
      vertex -21.65035138 -25.01891237 8.00000000
      vertex -21.65035138 -25.01891237 3.00000000
    endloop
  endfacet
  facet normal 0.88192126 0.47139674 -0.00000000
    outer loop
      vertex -21.79820725 -24.74229349 3.00000000
      vertex -21.79820725 -24.74229349 8.00000000
      vertex -21.65035138 -25.01891237 8.00000000
    endloop
  endfacet
  facet normal -0.00000000 0.00000000 1.00000000
    outer loop
      vertex -23.55357836 -25.46939201 8.00000000
      vertex -23.23014364 -26.07449582 8.00000000
      vertex -21.65035138 -25.01891237 8.00000000
    endloop
  endfacet
  facet normal 0.00000000 0.00000000 1.00000000
    outer loop
      vertex -23.55357836 -25.46939201 8.00000000
      vertex -21.65035138 -25.01891237 8.00000000
      vertex -21.79820725 -24.74229349 8.00000000
    endloop
  endfacet
  facet normal 0.00000000 0.00000000 -1.00000000
    outer loop
      vertex -23.55357836 -25.46939201 3.00000000
      vertex -21.65035138 -25.01891237 3.00000000
      vertex -23.23014364 -26.07449582 3.00000000
    endloop
  endfacet
  facet normal 0.00000000 0.00000000 -1.00000000
    outer loop
      vertex -23.55357836 -25.46939201 3.00000000
      vertex -21.79820725 -24.74229349 3.00000000
      vertex -21.65035138 -25.01891237 3.00000000
    endloop
  endfacet
  facet normal -0.77301045 -0.63439328 0.00000000
    outer loop
      vertex -23.23014364 -26.07449582 3.00000000
      vertex -22.79487373 -26.60487373 3.00000000
      vertex -22.79487373 -26.60487373 8.00000000
    endloop
  endfacet
  facet normal -0.77301045 -0.63439328 0.00000000
    outer loop
      vertex -23.23014364 -26.07449582 3.00000000
      vertex -22.79487373 -26.60487373 8.00000000
      vertex -23.23014364 -26.07449582 8.00000000
    endloop
  endfacet
  facet normal 0.77301045 0.63439328 0.00000000
    outer loop
      vertex -21.65035138 -25.01891237 3.00000000
      vertex -21.45137085 -25.26137085 8.00000000
      vertex -21.45137085 -25.26137085 3.00000000
    endloop
  endfacet
  facet normal 0.77301045 0.63439328 -0.00000000
    outer loop
      vertex -21.65035138 -25.01891237 3.00000000
      vertex -21.65035138 -25.01891237 8.00000000
      vertex -21.45137085 -25.26137085 8.00000000
    endloop
  endfacet
  facet normal -0.00000000 0.00000000 1.00000000
    outer loop
      vertex -23.23014364 -26.07449582 8.00000000
      vertex -22.79487373 -26.60487373 8.00000000
      vertex -21.45137085 -25.26137085 8.00000000
    endloop
  endfacet
  facet normal 0.00000000 0.00000000 1.00000000
    outer loop
      vertex -23.23014364 -26.07449582 8.00000000
      vertex -21.45137085 -25.26137085 8.00000000
      vertex -21.65035138 -25.01891237 8.00000000
    endloop
  endfacet
  facet normal 0.00000000 0.00000000 -1.00000000
    outer loop
      vertex -23.23014364 -26.07449582 3.00000000
      vertex -21.45137085 -25.26137085 3.00000000
      vertex -22.79487373 -26.60487373 3.00000000
    endloop
  endfacet
  facet normal 0.00000000 0.00000000 -1.00000000
    outer loop
      vertex -23.23014364 -26.07449582 3.00000000
      vertex -21.65035138 -25.01891237 3.00000000
      vertex -21.45137085 -25.26137085 3.00000000
    endloop
  endfacet
  facet normal -0.63439328 -0.77301045 0.00000000
    outer loop
      vertex -22.79487373 -26.60487373 3.00000000
      vertex -22.26449582 -27.04014364 3.00000000
      vertex -22.26449582 -27.04014364 8.00000000
    endloop
  endfacet
  facet normal -0.63439328 -0.77301045 0.00000000
    outer loop
      vertex -22.79487373 -26.60487373 3.00000000
      vertex -22.26449582 -27.04014364 8.00000000
      vertex -22.79487373 -26.60487373 8.00000000
    endloop
  endfacet
  facet normal 0.63439328 0.77301045 0.00000000
    outer loop
      vertex -21.45137085 -25.26137085 3.00000000
      vertex -21.20891237 -25.46035138 8.00000000
      vertex -21.20891237 -25.46035138 3.00000000
    endloop
  endfacet
  facet normal 0.63439328 0.77301045 -0.00000000
    outer loop
      vertex -21.45137085 -25.26137085 3.00000000
      vertex -21.45137085 -25.26137085 8.00000000
      vertex -21.20891237 -25.46035138 8.00000000
    endloop
  endfacet
  facet normal -0.00000000 0.00000000 1.00000000
    outer loop
      vertex -22.79487373 -26.60487373 8.00000000
      vertex -22.26449582 -27.04014364 8.00000000
      vertex -21.20891237 -25.46035138 8.00000000
    endloop
  endfacet
  facet normal 0.00000000 0.00000000 1.00000000
    outer loop
      vertex -22.79487373 -26.60487373 8.00000000
      vertex -21.20891237 -25.46035138 8.00000000
      vertex -21.45137085 -25.26137085 8.00000000
    endloop
  endfacet
  facet normal 0.00000000 0.00000000 -1.00000000
    outer loop
      vertex -22.79487373 -26.60487373 3.00000000
      vertex -21.20891237 -25.46035138 3.00000000
      vertex -22.26449582 -27.04014364 3.00000000
    endloop
  endfacet
  facet normal 0.00000000 0.00000000 -1.00000000
    outer loop
      vertex -22.79487373 -26.60487373 3.00000000
      vertex -21.45137085 -25.26137085 3.00000000
      vertex -21.20891237 -25.46035138 3.00000000
    endloop
  endfacet
  facet normal -0.47139674 -0.88192126 0.00000000
    outer loop
      vertex -22.26449582 -27.04014364 3.00000000
      vertex -21.65939201 -27.36357836 3.00000000
      vertex -21.65939201 -27.36357836 8.00000000
    endloop
  endfacet
  facet normal -0.47139674 -0.88192126 0.00000000
    outer loop
      vertex -22.26449582 -27.04014364 3.00000000
      vertex -21.65939201 -27.36357836 8.00000000
      vertex -22.26449582 -27.04014364 8.00000000
    endloop
  endfacet
  facet normal 0.47139674 0.88192126 0.00000000
    outer loop
      vertex -21.20891237 -25.46035138 3.00000000
      vertex -20.93229349 -25.60820725 8.00000000
      vertex -20.93229349 -25.60820725 3.00000000
    endloop
  endfacet
  facet normal 0.47139674 0.88192126 -0.00000000
    outer loop
      vertex -21.20891237 -25.46035138 3.00000000
      vertex -21.20891237 -25.46035138 8.00000000
      vertex -20.93229349 -25.60820725 8.00000000
    endloop
  endfacet
  facet normal -0.00000000 0.00000000 1.00000000
    outer loop
      vertex -22.26449582 -27.04014364 8.00000000
      vertex -21.65939201 -27.36357836 8.00000000
      vertex -20.93229349 -25.60820725 8.00000000
    endloop
  endfacet
  facet normal 0.00000000 0.00000000 1.00000000
    outer loop
      vertex -22.26449582 -27.04014364 8.00000000
      vertex -20.93229349 -25.60820725 8.00000000
      vertex -21.20891237 -25.46035138 8.00000000
    endloop
  endfacet
  facet normal 0.00000000 0.00000000 -1.00000000
    outer loop
      vertex -22.26449582 -27.04014364 3.00000000
      vertex -20.93229349 -25.60820725 3.00000000
      vertex -21.65939201 -27.36357836 3.00000000
    endloop
  endfacet
  facet normal 0.00000000 0.00000000 -1.00000000
    outer loop
      vertex -22.26449582 -27.04014364 3.00000000
      vertex -21.20891237 -25.46035138 3.00000000
      vertex -20.93229349 -25.60820725 3.00000000
    endloop
  endfacet
  facet normal -0.29028468 -0.95694034 0.00000000
    outer loop
      vertex -21.65939201 -27.36357836 3.00000000
      vertex -21.00281613 -27.56274848 3.00000000
      vertex -21.00281613 -27.56274848 8.00000000
    endloop
  endfacet
  facet normal -0.29028468 -0.95694034 0.00000000
    outer loop
      vertex -21.65939201 -27.36357836 3.00000000
      vertex -21.00281613 -27.56274848 8.00000000
      vertex -21.65939201 -27.36357836 8.00000000
    endloop
  endfacet
  facet normal 0.29028468 0.95694034 0.00000000
    outer loop
      vertex -20.93229349 -25.60820725 3.00000000
      vertex -20.63214452 -25.69925645 8.00000000
      vertex -20.63214452 -25.69925645 3.00000000
    endloop
  endfacet
  facet normal 0.29028468 0.95694034 -0.00000000
    outer loop
      vertex -20.93229349 -25.60820725 3.00000000
      vertex -20.93229349 -25.60820725 8.00000000
      vertex -20.63214452 -25.69925645 8.00000000
    endloop
  endfacet
  facet normal -0.00000000 0.00000000 1.00000000
    outer loop
      vertex -21.65939201 -27.36357836 8.00000000
      vertex -21.00281613 -27.56274848 8.00000000
      vertex -20.63214452 -25.69925645 8.00000000
    endloop
  endfacet
  facet normal 0.00000000 0.00000000 1.00000000
    outer loop
      vertex -21.65939201 -27.36357836 8.00000000
      vertex -20.63214452 -25.69925645 8.00000000
      vertex -20.93229349 -25.60820725 8.00000000
    endloop
  endfacet
  facet normal 0.00000000 0.00000000 -1.00000000
    outer loop
      vertex -21.65939201 -27.36357836 3.00000000
      vertex -20.63214452 -25.69925645 3.00000000
      vertex -21.00281613 -27.56274848 3.00000000
    endloop
  endfacet
  facet normal 0.00000000 0.00000000 -1.00000000
    outer loop
      vertex -21.65939201 -27.36357836 3.00000000
      vertex -20.93229349 -25.60820725 3.00000000
      vertex -20.63214452 -25.69925645 3.00000000
    endloop
  endfacet
  facet normal -0.09801714 -0.99518473 0.00000000
    outer loop
      vertex -21.00281613 -27.56274848 3.00000000
      vertex -20.32000000 -27.63000000 3.00000000
      vertex -20.32000000 -27.63000000 8.00000000
    endloop
  endfacet
  facet normal -0.09801714 -0.99518473 0.00000000
    outer loop
      vertex -21.00281613 -27.56274848 3.00000000
      vertex -20.32000000 -27.63000000 8.00000000
      vertex -21.00281613 -27.56274848 8.00000000
    endloop
  endfacet
  facet normal 0.09801714 0.99518473 0.00000000
    outer loop
      vertex -20.63214452 -25.69925645 3.00000000
      vertex -20.32000000 -25.73000000 8.00000000
      vertex -20.32000000 -25.73000000 3.00000000
    endloop
  endfacet
  facet normal 0.09801714 0.99518473 -0.00000000
    outer loop
      vertex -20.63214452 -25.69925645 3.00000000
      vertex -20.63214452 -25.69925645 8.00000000
      vertex -20.32000000 -25.73000000 8.00000000
    endloop
  endfacet
  facet normal -0.00000000 0.00000000 1.00000000
    outer loop
      vertex -21.00281613 -27.56274848 8.00000000
      vertex -20.32000000 -27.63000000 8.00000000
      vertex -20.32000000 -25.73000000 8.00000000
    endloop
  endfacet
  facet normal 0.00000000 0.00000000 1.00000000
    outer loop
      vertex -21.00281613 -27.56274848 8.00000000
      vertex -20.32000000 -25.73000000 8.00000000
      vertex -20.63214452 -25.69925645 8.00000000
    endloop
  endfacet
  facet normal 0.00000000 0.00000000 -1.00000000
    outer loop
      vertex -21.00281613 -27.56274848 3.00000000
      vertex -20.32000000 -25.73000000 3.00000000
      vertex -20.32000000 -27.63000000 3.00000000
    endloop
  endfacet
  facet normal 0.00000000 0.00000000 -1.00000000
    outer loop
      vertex -21.00281613 -27.56274848 3.00000000
      vertex -20.63214452 -25.69925645 3.00000000
      vertex -20.32000000 -25.73000000 3.00000000
    endloop
  endfacet
  facet normal 0.09801714 -0.99518473 0.00000000
    outer loop
      vertex -20.32000000 -27.63000000 3.00000000
      vertex -19.63718387 -27.56274848 3.00000000
      vertex -19.63718387 -27.56274848 8.00000000
    endloop
  endfacet
  facet normal 0.09801714 -0.99518473 0.00000000
    outer loop
      vertex -20.32000000 -27.63000000 3.00000000
      vertex -19.63718387 -27.56274848 8.00000000
      vertex -20.32000000 -27.63000000 8.00000000
    endloop
  endfacet
  facet normal -0.09801714 0.99518473 0.00000000
    outer loop
      vertex -20.32000000 -25.73000000 3.00000000
      vertex -20.00785548 -25.69925645 8.00000000
      vertex -20.00785548 -25.69925645 3.00000000
    endloop
  endfacet
  facet normal -0.09801714 0.99518473 0.00000000
    outer loop
      vertex -20.32000000 -25.73000000 3.00000000
      vertex -20.32000000 -25.73000000 8.00000000
      vertex -20.00785548 -25.69925645 8.00000000
    endloop
  endfacet
  facet normal 0.00000000 0.00000000 1.00000000
    outer loop
      vertex -20.32000000 -27.63000000 8.00000000
      vertex -19.63718387 -27.56274848 8.00000000
      vertex -20.00785548 -25.69925645 8.00000000
    endloop
  endfacet
  facet normal 0.00000000 0.00000000 1.00000000
    outer loop
      vertex -20.32000000 -27.63000000 8.00000000
      vertex -20.00785548 -25.69925645 8.00000000
      vertex -20.32000000 -25.73000000 8.00000000
    endloop
  endfacet
  facet normal 0.00000000 0.00000000 -1.00000000
    outer loop
      vertex -20.32000000 -27.63000000 3.00000000
      vertex -20.00785548 -25.69925645 3.00000000
      vertex -19.63718387 -27.56274848 3.00000000
    endloop
  endfacet
  facet normal 0.00000000 0.00000000 -1.00000000
    outer loop
      vertex -20.32000000 -27.63000000 3.00000000
      vertex -20.32000000 -25.73000000 3.00000000
      vertex -20.00785548 -25.69925645 3.00000000
    endloop
  endfacet
  facet normal 0.29028468 -0.95694034 0.00000000
    outer loop
      vertex -19.63718387 -27.56274848 3.00000000
      vertex -18.98060799 -27.36357836 3.00000000
      vertex -18.98060799 -27.36357836 8.00000000
    endloop
  endfacet
  facet normal 0.29028468 -0.95694034 0.00000000
    outer loop
      vertex -19.63718387 -27.56274848 3.00000000
      vertex -18.98060799 -27.36357836 8.00000000
      vertex -19.63718387 -27.56274848 8.00000000
    endloop
  endfacet
  facet normal -0.29028468 0.95694034 0.00000000
    outer loop
      vertex -20.00785548 -25.69925645 3.00000000
      vertex -19.70770651 -25.60820725 8.00000000
      vertex -19.70770651 -25.60820725 3.00000000
    endloop
  endfacet
  facet normal -0.29028468 0.95694034 0.00000000
    outer loop
      vertex -20.00785548 -25.69925645 3.00000000
      vertex -20.00785548 -25.69925645 8.00000000
      vertex -19.70770651 -25.60820725 8.00000000
    endloop
  endfacet
  facet normal 0.00000000 -0.00000000 1.00000000
    outer loop
      vertex -19.63718387 -27.56274848 8.00000000
      vertex -18.98060799 -27.36357836 8.00000000
      vertex -19.70770651 -25.60820725 8.00000000
    endloop
  endfacet
  facet normal 0.00000000 0.00000000 1.00000000
    outer loop
      vertex -19.63718387 -27.56274848 8.00000000
      vertex -19.70770651 -25.60820725 8.00000000
      vertex -20.00785548 -25.69925645 8.00000000
    endloop
  endfacet
  facet normal 0.00000000 0.00000000 -1.00000000
    outer loop
      vertex -19.63718387 -27.56274848 3.00000000
      vertex -19.70770651 -25.60820725 3.00000000
      vertex -18.98060799 -27.36357836 3.00000000
    endloop
  endfacet
  facet normal 0.00000000 0.00000000 -1.00000000
    outer loop
      vertex -19.63718387 -27.56274848 3.00000000
      vertex -20.00785548 -25.69925645 3.00000000
      vertex -19.70770651 -25.60820725 3.00000000
    endloop
  endfacet
  facet normal 0.47139674 -0.88192126 0.00000000
    outer loop
      vertex -18.98060799 -27.36357836 3.00000000
      vertex -18.37550418 -27.04014364 3.00000000
      vertex -18.37550418 -27.04014364 8.00000000
    endloop
  endfacet
  facet normal 0.47139674 -0.88192126 0.00000000
    outer loop
      vertex -18.98060799 -27.36357836 3.00000000
      vertex -18.37550418 -27.04014364 8.00000000
      vertex -18.98060799 -27.36357836 8.00000000
    endloop
  endfacet
  facet normal -0.47139674 0.88192126 0.00000000
    outer loop
      vertex -19.70770651 -25.60820725 3.00000000
      vertex -19.43108763 -25.46035138 8.00000000
      vertex -19.43108763 -25.46035138 3.00000000
    endloop
  endfacet
  facet normal -0.47139674 0.88192126 0.00000000
    outer loop
      vertex -19.70770651 -25.60820725 3.00000000
      vertex -19.70770651 -25.60820725 8.00000000
      vertex -19.43108763 -25.46035138 8.00000000
    endloop
  endfacet
  facet normal 0.00000000 -0.00000000 1.00000000
    outer loop
      vertex -18.98060799 -27.36357836 8.00000000
      vertex -18.37550418 -27.04014364 8.00000000
      vertex -19.43108763 -25.46035138 8.00000000
    endloop
  endfacet
  facet normal 0.00000000 0.00000000 1.00000000
    outer loop
      vertex -18.98060799 -27.36357836 8.00000000
      vertex -19.43108763 -25.46035138 8.00000000
      vertex -19.70770651 -25.60820725 8.00000000
    endloop
  endfacet
  facet normal 0.00000000 0.00000000 -1.00000000
    outer loop
      vertex -18.98060799 -27.36357836 3.00000000
      vertex -19.43108763 -25.46035138 3.00000000
      vertex -18.37550418 -27.04014364 3.00000000
    endloop
  endfacet
  facet normal 0.00000000 0.00000000 -1.00000000
    outer loop
      vertex -18.98060799 -27.36357836 3.00000000
      vertex -19.70770651 -25.60820725 3.00000000
      vertex -19.43108763 -25.46035138 3.00000000
    endloop
  endfacet
  facet normal 0.63439328 -0.77301045 0.00000000
    outer loop
      vertex -18.37550418 -27.04014364 3.00000000
      vertex -17.84512627 -26.60487373 3.00000000
      vertex -17.84512627 -26.60487373 8.00000000
    endloop
  endfacet
  facet normal 0.63439328 -0.77301045 0.00000000
    outer loop
      vertex -18.37550418 -27.04014364 3.00000000
      vertex -17.84512627 -26.60487373 8.00000000
      vertex -18.37550418 -27.04014364 8.00000000
    endloop
  endfacet
  facet normal -0.63439328 0.77301045 0.00000000
    outer loop
      vertex -19.43108763 -25.46035138 3.00000000
      vertex -19.18862915 -25.26137085 8.00000000
      vertex -19.18862915 -25.26137085 3.00000000
    endloop
  endfacet
  facet normal -0.63439328 0.77301045 0.00000000
    outer loop
      vertex -19.43108763 -25.46035138 3.00000000
      vertex -19.43108763 -25.46035138 8.00000000
      vertex -19.18862915 -25.26137085 8.00000000
    endloop
  endfacet
  facet normal 0.00000000 -0.00000000 1.00000000
    outer loop
      vertex -18.37550418 -27.04014364 8.00000000
      vertex -17.84512627 -26.60487373 8.00000000
      vertex -19.18862915 -25.26137085 8.00000000
    endloop
  endfacet
  facet normal 0.00000000 0.00000000 1.00000000
    outer loop
      vertex -18.37550418 -27.04014364 8.00000000
      vertex -19.18862915 -25.26137085 8.00000000
      vertex -19.43108763 -25.46035138 8.00000000
    endloop
  endfacet
  facet normal 0.00000000 0.00000000 -1.00000000
    outer loop
      vertex -18.37550418 -27.04014364 3.00000000
      vertex -19.18862915 -25.26137085 3.00000000
      vertex -17.84512627 -26.60487373 3.00000000
    endloop
  endfacet
  facet normal 0.00000000 0.00000000 -1.00000000
    outer loop
      vertex -18.37550418 -27.04014364 3.00000000
      vertex -19.43108763 -25.46035138 3.00000000
      vertex -19.18862915 -25.26137085 3.00000000
    endloop
  endfacet
  facet normal 0.77301045 -0.63439328 0.00000000
    outer loop
      vertex -17.84512627 -26.60487373 3.00000000
      vertex -17.40985636 -26.07449582 3.00000000
      vertex -17.40985636 -26.07449582 8.00000000
    endloop
  endfacet
  facet normal 0.77301045 -0.63439328 0.00000000
    outer loop
      vertex -17.84512627 -26.60487373 3.00000000
      vertex -17.40985636 -26.07449582 8.00000000
      vertex -17.84512627 -26.60487373 8.00000000
    endloop
  endfacet
  facet normal -0.77301045 0.63439328 0.00000000
    outer loop
      vertex -19.18862915 -25.26137085 3.00000000
      vertex -18.98964862 -25.01891237 8.00000000
      vertex -18.98964862 -25.01891237 3.00000000
    endloop
  endfacet
  facet normal -0.77301045 0.63439328 0.00000000
    outer loop
      vertex -19.18862915 -25.26137085 3.00000000
      vertex -19.18862915 -25.26137085 8.00000000
      vertex -18.98964862 -25.01891237 8.00000000
    endloop
  endfacet
  facet normal 0.00000000 -0.00000000 1.00000000
    outer loop
      vertex -17.84512627 -26.60487373 8.00000000
      vertex -17.40985636 -26.07449582 8.00000000
      vertex -18.98964862 -25.01891237 8.00000000
    endloop
  endfacet
  facet normal 0.00000000 0.00000000 1.00000000
    outer loop
      vertex -17.84512627 -26.60487373 8.00000000
      vertex -18.98964862 -25.01891237 8.00000000
      vertex -19.18862915 -25.26137085 8.00000000
    endloop
  endfacet
  facet normal 0.00000000 0.00000000 -1.00000000
    outer loop
      vertex -17.84512627 -26.60487373 3.00000000
      vertex -18.98964862 -25.01891237 3.00000000
      vertex -17.40985636 -26.07449582 3.00000000
    endloop
  endfacet
  facet normal 0.00000000 0.00000000 -1.00000000
    outer loop
      vertex -17.84512627 -26.60487373 3.00000000
      vertex -19.18862915 -25.26137085 3.00000000
      vertex -18.98964862 -25.01891237 3.00000000
    endloop
  endfacet
  facet normal 0.88192126 -0.47139674 0.00000000
    outer loop
      vertex -17.40985636 -26.07449582 3.00000000
      vertex -17.08642164 -25.46939201 3.00000000
      vertex -17.08642164 -25.46939201 8.00000000
    endloop
  endfacet
  facet normal 0.88192126 -0.47139674 0.00000000
    outer loop
      vertex -17.40985636 -26.07449582 3.00000000
      vertex -17.08642164 -25.46939201 8.00000000
      vertex -17.40985636 -26.07449582 8.00000000
    endloop
  endfacet
  facet normal -0.88192126 0.47139674 0.00000000
    outer loop
      vertex -18.98964862 -25.01891237 3.00000000
      vertex -18.84179275 -24.74229349 8.00000000
      vertex -18.84179275 -24.74229349 3.00000000
    endloop
  endfacet
  facet normal -0.88192126 0.47139674 0.00000000
    outer loop
      vertex -18.98964862 -25.01891237 3.00000000
      vertex -18.98964862 -25.01891237 8.00000000
      vertex -18.84179275 -24.74229349 8.00000000
    endloop
  endfacet
  facet normal 0.00000000 -0.00000000 1.00000000
    outer loop
      vertex -17.40985636 -26.07449582 8.00000000
      vertex -17.08642164 -25.46939201 8.00000000
      vertex -18.84179275 -24.74229349 8.00000000
    endloop
  endfacet
  facet normal 0.00000000 0.00000000 1.00000000
    outer loop
      vertex -17.40985636 -26.07449582 8.00000000
      vertex -18.84179275 -24.74229349 8.00000000
      vertex -18.98964862 -25.01891237 8.00000000
    endloop
  endfacet
  facet normal 0.00000000 0.00000000 -1.00000000
    outer loop
      vertex -17.40985636 -26.07449582 3.00000000
      vertex -18.84179275 -24.74229349 3.00000000
      vertex -17.08642164 -25.46939201 3.00000000
    endloop
  endfacet
  facet normal 0.00000000 0.00000000 -1.00000000
    outer loop
      vertex -17.40985636 -26.07449582 3.00000000
      vertex -18.98964862 -25.01891237 3.00000000
      vertex -18.84179275 -24.74229349 3.00000000
    endloop
  endfacet
  facet normal 0.95694034 -0.29028468 0.00000000
    outer loop
      vertex -17.08642164 -25.46939201 3.00000000
      vertex -16.88725152 -24.81281613 3.00000000
      vertex -16.88725152 -24.81281613 8.00000000
    endloop
  endfacet
  facet normal 0.95694034 -0.29028468 0.00000000
    outer loop
      vertex -17.08642164 -25.46939201 3.00000000
      vertex -16.88725152 -24.81281613 8.00000000
      vertex -17.08642164 -25.46939201 8.00000000
    endloop
  endfacet
  facet normal -0.95694034 0.29028468 0.00000000
    outer loop
      vertex -18.84179275 -24.74229349 3.00000000
      vertex -18.75074355 -24.44214452 8.00000000
      vertex -18.75074355 -24.44214452 3.00000000
    endloop
  endfacet
  facet normal -0.95694034 0.29028468 0.00000000
    outer loop
      vertex -18.84179275 -24.74229349 3.00000000
      vertex -18.84179275 -24.74229349 8.00000000
      vertex -18.75074355 -24.44214452 8.00000000
    endloop
  endfacet
  facet normal 0.00000000 -0.00000000 1.00000000
    outer loop
      vertex -17.08642164 -25.46939201 8.00000000
      vertex -16.88725152 -24.81281613 8.00000000
      vertex -18.75074355 -24.44214452 8.00000000
    endloop
  endfacet
  facet normal 0.00000000 0.00000000 1.00000000
    outer loop
      vertex -17.08642164 -25.46939201 8.00000000
      vertex -18.75074355 -24.44214452 8.00000000
      vertex -18.84179275 -24.74229349 8.00000000
    endloop
  endfacet
  facet normal 0.00000000 0.00000000 -1.00000000
    outer loop
      vertex -17.08642164 -25.46939201 3.00000000
      vertex -18.75074355 -24.44214452 3.00000000
      vertex -16.88725152 -24.81281613 3.00000000
    endloop
  endfacet
  facet normal 0.00000000 0.00000000 -1.00000000
    outer loop
      vertex -17.08642164 -25.46939201 3.00000000
      vertex -18.84179275 -24.74229349 3.00000000
      vertex -18.75074355 -24.44214452 3.00000000
    endloop
  endfacet
  facet normal 0.99518473 -0.09801714 0.00000000
    outer loop
      vertex -16.88725152 -24.81281613 3.00000000
      vertex -16.82000000 -24.13000000 3.00000000
      vertex -16.82000000 -24.13000000 8.00000000
    endloop
  endfacet
  facet normal 0.99518473 -0.09801714 0.00000000
    outer loop
      vertex -16.88725152 -24.81281613 3.00000000
      vertex -16.82000000 -24.13000000 8.00000000
      vertex -16.88725152 -24.81281613 8.00000000
    endloop
  endfacet
  facet normal -0.99518473 0.09801714 0.00000000
    outer loop
      vertex -18.75074355 -24.44214452 3.00000000
      vertex -18.72000000 -24.13000000 8.00000000
      vertex -18.72000000 -24.13000000 3.00000000
    endloop
  endfacet
  facet normal -0.99518473 0.09801714 0.00000000
    outer loop
      vertex -18.75074355 -24.44214452 3.00000000
      vertex -18.75074355 -24.44214452 8.00000000
      vertex -18.72000000 -24.13000000 8.00000000
    endloop
  endfacet
  facet normal 0.00000000 -0.00000000 1.00000000
    outer loop
      vertex -16.88725152 -24.81281613 8.00000000
      vertex -16.82000000 -24.13000000 8.00000000
      vertex -18.72000000 -24.13000000 8.00000000
    endloop
  endfacet
  facet normal 0.00000000 0.00000000 1.00000000
    outer loop
      vertex -16.88725152 -24.81281613 8.00000000
      vertex -18.72000000 -24.13000000 8.00000000
      vertex -18.75074355 -24.44214452 8.00000000
    endloop
  endfacet
  facet normal 0.00000000 0.00000000 -1.00000000
    outer loop
      vertex -16.88725152 -24.81281613 3.00000000
      vertex -18.72000000 -24.13000000 3.00000000
      vertex -16.82000000 -24.13000000 3.00000000
    endloop
  endfacet
  facet normal 0.00000000 0.00000000 -1.00000000
    outer loop
      vertex -16.88725152 -24.81281613 3.00000000
      vertex -18.75074355 -24.44214452 3.00000000
      vertex -18.72000000 -24.13000000 3.00000000
    endloop
  endfacet
endsolid uno-mounting-plate
